strain	nn_ibs	nn_partner	mean_ibs
AB1	0.9668847009045183	CB4852	0.9265882080636008
CB4852	0.9729119443904756	EG4347	0.9312376805673872
CB4854	0.963491138311422	ED3048	0.9255921151543695
CB4932	0.9714698961638927	JU397	0.9259238225237837
CX11254	0.9583230792478898	CX11264	0.9127572574718784
CX11262	0.9647043585260022	CX11264	0.9062622411937173
CX11264	0.9647043585260022	CX11262	0.9064515984813096
CX11271	0.9668026682209702	CX11292	0.92960499768349
CX11276	0.9548992940871706	CX11271	0.9202676293946788
CX11285	0.9493815167411437	ED3011	0.9131460888152613
CX11292	0.9755110852060531	JU1172	0.9340284268412677
CX11315	0.961695054292684	CX11264	0.9138217152086322
DL200	0.9573300520259914	JU310	0.9214653423408337
DL226	0.9525332987932561	ED3011	0.9180093930105139
CB4855	0.9815771862789543	QX1233	0.9248175181549365
CB4857	0.9747814260734409	JU1172	0.928532926823193
PB306	0.9587936878008765	CB4857	0.9117976462419081
ECA348	0.949364246702502	QG556	0.8956821965445361
ECA349	0.9732141700667055	CB4857	0.9186873186693844
ECA36	0.9305917146989616	QX1211	0.7581703824713195
ECA363	0.8977786412797099	QX1211	0.7664370083643447
ECA372	0.9288085832092049	XZ1513	0.889596142956577
ECA396	0.7912095503313689	MY2530	0.7774083369067751
ED3005	0.9672128316387107	ED3011	0.9208865405723919
ED3011	0.9687757701357856	CX11292	0.9270293093760087
ED3012	0.9809425123588714	JU1200	0.9275385711367837
ED3040	0.9611985406817348	JU2578	0.9257861220677499
ED3046	0.9954191222502861	ED3049	0.9206954460619777
ED3048	0.9781490836085746	JU2466	0.9332116766410081
ED3049	0.9954191222502861	ED3046	0.9214980941005063
ED3052	0.9604904690974246	JU323	0.9245158034265953
ED3073	0.9667853981823284	JU2466	0.9293305164776223
ED3077	0.9645273406299246	JU2466	0.9239080820076471
EG4347	0.9870388359993956	PX179	0.934530739710755
EG4349	0.9386999978412451	NIC277	0.9117708214777456
EG4724	0.9505688318977614	JU2522	0.9135965404740345
EG4946	0.9779591131835157	JU1172	0.9321103795614714
GXW1	0.9688146277227295	JU2466	0.9258967933804657
JU1088	0.9666731429311574	ED3048	0.9248628903274627
JU1172	0.9779591131835157	EG4946	0.9270537326850937
JU1200	0.98476350840835	NIC2	0.9327706775181779
JU1212	0.9536472162856464	JU2565	0.9054716515253647
JU1213	0.9474602249422533	NIC1	0.9144005169770739
JU1242	0.982522720894588	JU792	0.9210944452683479
JU1246	0.949303801567256	JU1212	0.9116811501232598
JU1400	0.9325777691427585	NIC528	0.9088782432896255
JU1409	0.9595233469334887	JU2862	0.9306138131951526
JU1440	0.9760637264425879	NIC522	0.9293481952745751
JU1491	0.9614532737517	NIC236	0.9202102499467656
JU1530	0.9928027113960668	JU310	0.9300667412906058
JU1543	0.9796256719124409	JU1200	0.9282391317871284
JU1568	0.9817628391943527	JU2565	0.928158299831119
JU1581	0.955227424821363	CB4932	0.9178210576186993
JU1586	0.9768495132007858	NIC2	0.9284804013802235
JU1652	0.947296159575157	JU1896	0.917363810353005
JU1793	0.9495498996179004	JU393	0.8947229429780879
JU1808	0.9553094575049111	JU311	0.9250519410463216
JU1896	0.9566651555382856	JU1543	0.9105985537364534
JU2001	0.9334973987004296	JU3137	0.9061493728050797
JU2007	0.9585130496729486	MY2535	0.9253281594750112
JU2131	0.9513028085400341	JU397	0.9119672809409923
JU2141	0.9779850182414783	JU792	0.9230022735903682
JU2234	0.9558275586641625	JU1896	0.9147895526996124
JU2466	0.9781490836085746	ED3048	0.9316435775702563
JU2513	0.9604731990587829	JU2466	0.9254632030020232
JU2519	0.945236707467133	JU2522	0.8952622995695136
JU2522	0.967346674438184	NIC514	0.9193326458529489
JU2526	0.9444336506702934	NIC265	0.8649460751985001
JU2534	0.9730026120933446	JU310	0.9301733761150001
JU2565	0.9817628391943527	JU1568	0.9252292399637381
JU2566	0.9704552813936921	JU1586	0.9238552499959444
JU2578	0.9643503227338471	MY679	0.9259331728701489
JU2587	0.944934481790903	JU830	0.9138488465415279
JU2593	0.959484489346545	JU751	0.9145294291294201
JU2800	0.9525246637739352	JU1896	0.9149987347652904
JU2862	0.9650281717505343	CX11292	0.9261222746837967
JU2878	0.9506076894847052	JU2466	0.9166504249106512
JU2906	0.9695917794616066	PX179	0.9271604186042769
JU310	0.9928027113960668	JU1530	0.9299008365111099
JU311	0.9756276579668847	MY2453	0.9240332642404051
JU3125	0.9765990976404809	JU3127	0.9238980674290265
JU3127	0.9765990976404809	JU3125	0.9226033254787869
JU3134	0.9527016816700128	NIC255	0.9193387261328257
JU3135	0.9770308486065238	MY2693	0.9234438858506651
JU3137	0.9554346652850636	JU1491	0.9200882355909182
JU323	0.9604904690974246	ED3052	0.9268025507029557
JU346	0.9660384690110744	JU2906	0.9255261517819243
JU360	0.9486734451568335	JU1808	0.9210154527247382
JU367	0.9757615007663579	JU1568	0.9289475099401718
JU393	0.9495498996179004	JU1793	0.9161049369445597
JU394	0.9741337996243766	JU2565	0.9189233254992248
JU397	0.9787621699803554	JU792	0.9216276193903191
JU406	0.9783088314660104	JU1568	0.9228588505179798
JU440	0.9752390820974461	JU1586	0.926128559342829
JU642	0.9672905468125985	NIC277	0.928095657619951
JU751	0.959484489346545	JU2593	0.9175275691513679
JU774	0.9495110420309566	JU3125	0.9188018731860551
JU778	0.9569414761565529	NIC259	0.9192506898115841
JU782	0.972532003540358	NIC271	0.8983139869302085
JU792	0.982522720894588	JU1242	0.9199531920639062
JU830	0.9536903913822508	ED3073	0.9232538132360284
JU847	0.9552878699566091	JU311	0.9205119135803179
KR314	0.960999935237355	ED3011	0.9239537096541176
MY1	0.9580510761392829	CX11292	0.9221262534350069
MY10	0.9330570127150659	JU2466	0.9042198802925738
MY18	0.965883038663299	ED3005	0.9135692047619832
MY2212	0.9577920255596571	MY2693	0.9224650118852866
MY2453	0.9756276579668847	JU311	0.9187501652597078
MY2530	0.9760766789715692	MY920	0.9369735815671462
MY2535	0.9696349545582108	JU310	0.9323770432646402
MY2573	0.9600284955637588	JU1530	0.9222146985145595
MY2693	0.9770308486065238	JU3135	0.9236952211171697
MY2741	0.9635256783887054	ED3005	0.913270095867875
MY679	0.9643503227338471	JU2578	0.925229648722049
MY920	0.9760766789715692	MY2530	0.9286745615779706
NIC1	0.961695054292684	NIC2	0.927613016244183
NIC1107	0.9770092610582216	JU1568	0.9232542219943395
NIC166	0.9542084925415021	JU1088	0.9222789757589716
NIC195	0.9155236059840683	JU782	0.888479875103898
NIC199	0.9227683871942663	NIC269	0.892838924827686
NIC2	0.98476350840835	JU1200	0.9330976330722262
NIC207	0.9734602681173499	NIC255	0.9310671772568919
NIC236	0.9614532737517	JU1491	0.9255629911247074
NIC242	0.9615007663579648	NIC255	0.9261218659254856
NIC251	0.8926148997258382	NIC195	0.8562449903156215
NIC252	0.9470975541307773	NIC513	0.904667368453592
NIC255	0.9734602681173499	NIC207	0.9308155865164429
NIC256	0.9895948017183689	NIC271	0.9039467275512171
NIC259	0.9569414761565529	JU778	0.9223961872046641
NIC260	0.9471364117177212	NIC261	0.8972012446179624
NIC261	0.9648209312868338	NIC271	0.8924421226972377
NIC262	0.9749368564212162	NIC271	0.8947928917440657
NIC265	0.9444336506702934	JU2526	0.8732651243449169
NIC266	0.9283509271851996	EG4724	0.9025372777999402
NIC268	0.9248148867733091	MY1	0.900661996858437
NIC269	0.9556591757874058	NIC514	0.9165742936752188
NIC271	0.9895948017183689	NIC256	0.9016263599037732
NIC272	0.9642726075599594	NIC276	0.9198461995759899
NIC274	0.9561211493210716	NIC272	0.9189238875419025
NIC275	0.9608963150055049	NIC513	0.9220947279502674
NIC276	0.9642726075599594	NIC272	0.9261031141379664
NIC277	0.9691557109859034	JU310	0.9301264200040186
NIC3	0.9681972238412884	JU1530	0.9241628917197957
NIC513	0.9711935755456252	NIC514	0.9214564007527796
NIC514	0.9711935755456252	NIC513	0.9253723564673931
NIC522	0.9760637264425879	JU1440	0.9265740548070808
NIC523	0.9518122746799645	JU2578	0.912190769547557
NIC526	0.9531852427519807	JU1409	0.9198769586388962
NIC527	0.9539494419618764	NIC522	0.9191121207441394
NIC528	0.9578826932625262	ED3073	0.919516944756442
NIC529	0.958396476912117	CX11292	0.9284384525585524
PB303	0.988062085788917	RC301	0.9256200640038873
PX179	0.9870388359993956	EG4347	0.9335099169237054
QG2075	0.9355525332987933	JU2007	0.9070706629433894
QG536	0.9605940893292749	JU1088	0.9226044495641423
QG556	0.949364246702502	ECA348	0.9025404456768508
QG557	0.972532003540358	CB4857	0.9219184509286287
QW947	0.9457289035684218	MY920	0.9136865183972536
QX1211	0.9305917146989616	ECA36	0.7628992562770267
QX1212	0.9622088379422749	CX11292	0.9121600615794395
QX1233	0.9815771862789543	CB4855	0.9216574076522366
QX1791	0.887356172959437	MY2530	0.8678432519176194
QX1792	0.9210629708783974	NIC236	0.8990918029013409
QX1793	0.915670401312523	ECA372	0.8901891490763276
QX1794	0.9243529132396434	XZ1513	0.8862900546420446
RC301	0.988062085788917	PB303	0.9249681455925571
WN2001	0.9275824104656434	NIC277	0.9027782919190909
WN2002	0.9506810871489325	JU1543	0.9158470615450783
XZ1513	0.9288085832092049	ECA372	0.8822414568554964
XZ1516	0.6685447833689527	MY2530	0.654396610780464
