chr,ps,rs,af,beta,se,p_wald,lp,Mb
IV,15323414,IV:15323414,0.208,0.02577047,0.004086613,1.458645e-09,8.84,15.323
III,5965738,III:5965738,0.091,0.06081453,0.009742688,2.071782e-09,8.68,5.966
IV,15323794,IV:15323794,0.208,0.02518854,0.004081709,3.049098e-09,8.52,15.324
X,4875969,X:4875969,0.087,0.03628788,0.00617627,1.476527e-08,7.83,4.876
IV,13408895,IV:13408895,0.1,0.03139586,0.005486194,3.264933e-08,7.49,13.409
IV,13413079,IV:13413079,0.1,0.03139586,0.005486194,3.264933e-08,7.49,13.413
IV,13404290,IV:13404290,0.1,0.03108733,0.005460016,3.791224e-08,7.42,13.404
IV,15986656,IV:15986656,0.45,0.01838112,0.003261887,5.113572e-08,7.29,15.987
IV,13405229,IV:13405229,0.095,0.03112339,0.005606552,7.822168e-08,7.11,13.405
IV,13405230,IV:13405230,0.095,0.03112339,0.005606552,7.822168e-08,7.11,13.405
