strain	rep	ctrl_frq_boot	ctrl_frq_boot_se	pos1_frq_boot	pos1_frq_boot_se	delta_freq	direction
AB1	A	1.7076615522722727e-4	5.126037240459669e-4	3.2267764898909955e-4	8.303212439694875e-4	1.5191149376187228e-4	increase
AB1	B	0.0012729970900919223	0.0016421657591883312	0	0	-0.0012729970900919223	decrease
BRC20263	A	9.821901105424452e-4	0.001248549453056181	4.1489690182986116e-4	8.187583864580823e-4	-5.672932087125841e-4	decrease
BRC20263	B	1.6340196656143612e-4	3.885655603084439e-4	3.317106744699658e-4	7.543652602822733e-4	1.683087079085297e-4	increase
CB4852	A	3.582116125321675e-4	9.214029183841185e-4	0	0	-3.582116125321675e-4	decrease
CB4852	B	1.2854332084990164e-4	4.587311874408875e-4	0	0	-1.2854332084990164e-4	decrease
CB4854	A	0.03018948164374478	0.005419458130813712	0.009862263215193921	0.006311806188311647	-0.02032721842855086	decrease
CB4854	B	0.03178582007443172	0.005737443127036942	0.02215544775854684	0.004428801626145396	-0.009630372315884875	decrease
CB4855	A	9.190302897134573e-4	0.002243814365886803	0	0	-9.190302897134573e-4	decrease
CB4855	B	1.8931452091031168e-4	7.009998076987939e-4	2.3739380048970936e-5	1.7250358238489003e-4	-1.6557514086134074e-4	decrease
CB4857	A	0.001830301164355284	0.0020055014286020118	0	0	-0.001830301164355284	decrease
CB4857	B	3.123610615816443e-4	8.58421509953653e-4	0	0	-3.123610615816443e-4	decrease
CB4932	A	0.01216042515710304	0.007110879161990082	0.0020109413369844777	0.0034257626887323903	-0.010149483820118562	decrease
CB4932	B	0.01564298947366855	0.006451816849730657	0.005625906314765075	0.005197275784230312	-0.010017083158903473	decrease
CX11254	A	0.002166169845599851	0.001814093632398816	0.0046164063536312	0.0026096696669124604	0.002450236508031349	increase
CX11254	B	0.003942364388012891	0.0017939589592321946	0.0010972265242752384	0.001158372834275029	-0.0028451378637376528	decrease
CX11262	A	0.007085672072818762	0.002875178689576729	0.007948749509919778	0.004130096372362168	8.630774371010163e-4	increase
CX11262	B	0.007469465519433219	0.0028711417423670227	0.006537726055947072	0.003348014997579018	-9.31739463486147e-4	decrease
CX11264	A	0	0	0	0	0	increase
CX11264	B	7.983859320644595e-7	7.983859320644594e-6	0	0	-7.983859320644595e-7	decrease
CX11292	A	0	0	0	0	0	increase
CX11292	B	0	0	0	0	0	increase
CX11315	A	5.90171116800669e-6	4.2710369811682236e-5	0.0024706003095852956	0.0026329092140300638	0.002464698598417289	increase
CX11315	B	3.2297752238299586e-4	7.23419806319328e-4	1.885193683013785e-4	5.523776895052883e-4	-1.3445815408161737e-4	decrease
ECA1074	A	0.006540598744338728	0.004778800189782883	1.5729251883337222e-4	6.03362096896208e-4	-0.006383306225505356	decrease
ECA1074	B	0.002916868702159522	0.0033270936807301035	1.1868732527013068e-4	4.944997041386259e-4	-0.002798181376889391	decrease
ECA1186	A	2.0236575906384832e-4	5.37510959222547e-4	0.0025828706481136493	0.002597910506710008	0.002380504889049801	increase
ECA1186	B	2.4570734840692333e-4	6.234767287272608e-4	0.008101675707550805	0.002694360524321363	0.007855968359143883	increase
ECA1194	A	0.0011368411548789109	3.2871023491013373e-4	1.0817237570345607e-6	1.0817237570345606e-5	-0.0011357594311218763	decrease
ECA1194	B	6.659360460399141e-4	4.67301553825439e-4	0	0	-6.659360460399141e-4	decrease
ECA1195	A	0	0	0	0	0	increase
ECA1195	B	0	0	0	0	0	increase
ECA1225	A	9.98040900770013e-4	3.911505490693662e-4	9.724860532164593e-5	1.8988328132733695e-4	-9.00792295448367e-4	decrease
ECA1225	B	6.418937788673171e-4	3.9000871101392245e-4	2.592866236946726e-4	3.1729077644867637e-4	-3.8260715517264457e-4	decrease
ECA1228	A	0.0013713662666332946	3.340973794137963e-4	8.294009782788224e-5	1.8194963871987694e-4	-0.0012884261688054124	decrease
ECA1228	B	0.0011748239229410087	3.582252320542794e-4	7.566219053644693e-4	3.95944342650811e-4	-4.182020175765394e-4	decrease
ECA1238	A	1.7275937751735218e-4	2.4187140405090485e-4	4.02533026909461e-5	1.3213349813806814e-4	-1.325060748264061e-4	decrease
ECA1238	B	0	0	1.877870903590142e-6	1.877870903590142e-5	1.877870903590142e-6	increase
ECA1240	A	0	0	2.2235484257671406e-6	2.2235484257671404e-5	2.2235484257671406e-6	increase
ECA1240	B	2.383643548982435e-5	8.331032848670241e-5	0	0	-2.383643548982435e-5	decrease
ECA1242	A	4.583313584397916e-7	4.583313584397916e-6	0	0	-4.583313584397916e-7	decrease
ECA1242	B	3.82306231494779e-4	5.197907864939746e-4	0	0	-3.82306231494779e-4	decrease
ECA1247	A	0.0010320162061876394	5.001089024043123e-4	4.4205023893046525e-5	1.298561293220594e-4	-9.87811182294593e-4	decrease
ECA1247	B	0.0017104899262019432	5.734002450379106e-4	2.471047806191369e-4	3.1322959183732236e-4	-0.0014633851455828064	decrease
ECA1251	A	0	0	0	0	0	increase
ECA1251	B	0	0	0	0	0	increase
ECA1255	A	0.0034887042470476146	9.097946849776274e-4	0.08825260203777634	0.002366256180153705	0.08476389779072872	increase
ECA1255	B	0.004692037170420324	9.800355009161861e-4	0.06867897690853002	0.001298143667605277	0.06398693973810969	increase
ECA1257	A	1.1375319930287369e-4	2.8209223539870575e-4	0.003311631067013597	0.0015216564591381306	0.0031978778677107236	increase
ECA1257	B	5.712442361451756e-4	6.491666874806354e-4	0.0024184524589714457	0.0012926488035389682	0.00184720822282627	increase
ECA1271	A	0.001946751542527765	0.001092300161882344	0.011004217367836983	0.003382302972245464	0.009057465825309217	increase
ECA1271	B	0.0039046962012755176	0.0012861471334335087	0.009274288537213621	0.0026826577492415292	0.005369592335938103	increase
ECA1278	A	2.522527227824829e-4	3.0112529442053094e-4	0	0	-2.522527227824829e-4	decrease
ECA1278	B	0.0011849266697705407	3.7299388161115855e-4	0	0	-0.0011849266697705407	decrease
ECA1281	A	0.005222522714172255	3.952477427730855e-4	0	0	-0.005222522714172255	decrease
ECA1281	B	0.005707533142233352	4.09580963842588e-4	0	0	-0.005707533142233352	decrease
ECA1286	A	7.47204067956344e-4	4.4948666580641355e-4	0.017273240071733097	4.713468909409333e-4	0.016526036003776754	increase
ECA1286	B	6.324962601910138e-4	4.4256063990387814e-4	0.010755266369984895	4.4497170772247823e-4	0.01012277010979388	increase
ECA1288	A	0.001110401314721234	0.001424498635734946	0.002839913117501202	0.002541881976318824	0.001729511802779968	increase
ECA1288	B	0.0011600872127981495	0.0014702353401199813	0.0044056179518154465	0.002233083718939979	0.003245530739017297	increase
ECA1289	A	2.2715304899138298e-5	1.0384762611820533e-4	0	0	-2.2715304899138298e-5	decrease
ECA1289	B	0	0	0	0	0	increase
ECA1298	A	0.003250566960827463	9.643068739295924e-4	5.40035538876451e-4	6.639955249962286e-4	-0.002710531421951012	decrease
ECA1298	B	0.006670836471886454	9.123760175120087e-4	0.0015681078529663972	8.793635995313831e-4	-0.005102728618920057	decrease
ECA1413	A	0.0091578451291818	0.0010423300818569404	1.3468958680098672e-4	3.3281272834022086e-4	-0.009023155542380814	decrease
ECA1413	B	0.007933691439933287	0.0011301639408398578	0.001182515109874364	7.425308479360603e-4	-0.006751176330058923	decrease
ECA1493	A	6.121110147328426e-4	3.444225207627357e-4	2.143306579445308e-4	2.7336852475455016e-4	-3.977803567883118e-4	decrease
ECA1493	B	4.101551854240776e-4	3.391603074239188e-4	1.2528361318623436e-4	1.8204537064507337e-4	-2.848715722378433e-4	decrease
ECA1793	A	4.164185927646851e-5	7.685506171185193e-5	3.503068246080169e-6	2.7168643739580872e-5	-3.813879103038834e-5	decrease
ECA1793	B	2.1144571386800273e-5	5.997931394764765e-5	1.5364391355755138e-4	1.7289738799981647e-4	1.324993421707511e-4	increase
ECA189	A	0.03963977008599664	9.847997815984018e-4	0.0028972933594756446	0.001203982260031826	-0.03674247672652099	decrease
ECA189	B	0.03673337552993893	0.0010003051902575564	0.002212097153741258	0.0010968727609051805	-0.03452127837619767	decrease
ECA191	A	5.8697669341657855e-5	1.9460737132036932e-4	0	0	-5.8697669341657855e-5	decrease
ECA191	B	5.812751015912561e-7	5.812751015912562e-6	0	0	-5.812751015912561e-7	decrease
ECA2648	A	0.00327140460296372	0.0017714311513341238	0	0	-0.00327140460296372	decrease
ECA2648	B	0.003939249906091829	0.0020336233147922812	5.400859312825868e-6	5.400859312825868e-5	-0.003933849046779003	decrease
ECA2672	A	0.005628720035289719	0.0017438000535562334	5.539038163197861e-4	0.001067826475066517	-0.0050748162189699336	decrease
ECA2672	B	0.004992737298660992	0.0017251412906910677	1.5111468130134495e-4	0.00049701817855419975	-0.004841622617359647	decrease
ECA347	A	0	0	0	0	0	increase
ECA347	B	0	0	0	0	0	increase
ECA369	A	0.002090838531625217	6.726591987890107e-4	0.0027314489677874474	6.488787004981823e-4	6.406104361622303e-4	increase
ECA369	B	0.0021622680457081887	6.254862973371408e-4	0.002111583663134421	5.000276613864257e-4	-5.068438257376786e-5	decrease
ECA592	A	0.002265067762906375	0.0012425323226630696	0	0	-0.002265067762906375	decrease
ECA592	B	0.0014413512091946302	0.0011172753145185968	5.610461519561534e-5	2.3817123566439283e-4	-0.0013852465939990148	decrease
ECA593	A	2.1647500353522254e-5	1.74887968696668e-4	4.614552745813014e-6	3.55541445485328e-5	-1.703294760770924e-5	decrease
ECA593	B	2.071667170547115e-4	4.2673867329415753e-4	0.0016609094437050023	0.0011717874239521406	0.0014537427266502908	increase
ECA703	A	5.42257131288023e-4	9.115635253484201e-4	6.717159519150482e-4	0.0010946912346283043	1.2945882062702526e-4	increase
ECA703	B	5.990141204236409e-4	0.001015897415983708	3.607454695493971e-4	5.88828669947177e-4	-2.3826865087424385e-4	decrease
ECA705	A	0.007576517612441079	0.0011231494087213087	0.002518550637943405	9.489606866984005e-4	-0.005057966974497674	decrease
ECA705	B	0.008260266989295334	0.0010865217493170915	4.78052792899776e-4	6.12240008263191e-4	-0.007782214196395558	decrease
ECA706	A	1.2355667217126795e-4	2.978905274849167e-4	3.9855397266863066e-5	1.5298611874165608e-4	-8.37012749044049e-5	decrease
ECA706	B	5.723313696259513e-4	8.179717419556661e-4	1.000708772276212e-4	2.9165636568072507e-4	-4.7226049239833007e-4	decrease
ECA710	A	2.1539014116750884e-5	1.866782145571069e-4	2.815395338386696e-4	8.759342683293201e-4	2.600005197219187e-4	increase
ECA710	B	1.1498236547833183e-5	8.619837917376677e-5	1.4649553024219626e-5	1.1897486512573662e-4	3.1513164763864425e-6	increase
ECA712	A	0.005479407554813862	0.001659031750752582	0.006285579498070369	0.00182497311027001	8.061719432565072e-4	increase
ECA712	B	0.00622941464878275	0.0018587633634569412	0.006686681814606961	0.0012005883863105932	4.5726716582421105e-4	increase
ECA722	A	4.823462928555918e-4	3.401629643258287e-4	0	0	-4.823462928555918e-4	decrease
ECA722	B	3.394387858102812e-5	9.111014930234941e-5	0	0	-3.394387858102812e-5	decrease
ECA723	A	5.699004318768675e-4	3.195647638629942e-4	0	0	-5.699004318768675e-4	decrease
ECA723	B	2.0191191811165486e-5	5.869674338927794e-5	1.3639564641684647e-6	1.3639564641684646e-5	-1.8827235346997022e-5	decrease
ECA730	A	7.10582708133861e-5	1.799456632663841e-4	0	0	-7.10582708133861e-5	decrease
ECA730	B	5.5204085421869375e-5	1.418620964910261e-4	9.62846920423485e-5	1.9915019765348756e-4	4.108060662047913e-5	increase
ECA733	A	1.2978395170705224e-4	3.732980711327153e-4	4.304535020489706e-4	8.599082620655827e-4	3.0066955034191835e-4	increase
ECA733	B	7.645955256004146e-5	2.3619978304914528e-4	2.2898510795176874e-4	5.244575825952641e-4	1.5252555539172727e-4	increase
ECA738	A	0.00390977942587594	7.917929455392973e-4	0.07512409987150846	0.0015522864992487636	0.07121432044563253	increase
ECA738	B	0.004962210630618959	7.780382891321645e-4	0.036241565441643475	9.505703236293656e-4	0.031279354811024514	increase
ECA740	A	0	0	0	0	0	increase
ECA740	B	1.0702688760455732e-4	1.731234914867508e-4	0	0	-1.0702688760455732e-4	decrease
ECA741	A	0	0	0	0	0	increase
ECA741	B	1.0206442718761832e-6	1.0206442718761831e-5	0	0	-1.0206442718761832e-6	decrease
ECA742	A	2.3607805119581192e-6	1.674192006718962e-5	0	0	-2.3607805119581192e-6	decrease
ECA742	B	0	0	0	0	0	increase
ECA743	A	0.0039726175431498475	9.577083738786926e-4	0.007982042511653964	0.0010436293637000238	0.0040094249685041165	increase
ECA743	B	9.329602205107666e-4	8.015560831380516e-4	0.006138751031760719	8.321933310512818e-4	0.005205790811249952	increase
ECA744	A	0	0	0	0	0	increase
ECA744	B	3.419463413316888e-6	3.419463413316888e-5	3.4520359630074113e-4	3.424207736489942e-4	3.4178413288742424e-4	increase
ECA745	A	0	0	0	0	0	increase
ECA745	B	1.6957758222921915e-4	2.4403921385345243e-4	0	0	-1.6957758222921915e-4	decrease
ECA760	A	2.23678545891298e-4	7.2808377937028e-4	0.010584740183143608	0.01643278503606724	0.010361061637252311	increase
ECA760	B	2.8140992299488792e-5	1.5199926893459467e-4	0.009196793063509059	0.013318281482803972	0.00916865207120957	increase
ECA777	A	0.0052692600806530055	0.0021009778928519785	0.04473667893161291	0.016843955805495192	0.039467418850959904	increase
ECA777	B	0.003727723636627589	0.0018781529951098612	0.03942708421681361	0.014213538478083373	0.035699360580186024	increase
ECA778	A	3.122955193293348e-4	9.660191513353551e-4	7.931888696499414e-4	0.0012509970278512333	4.808933503206066e-4	increase
ECA778	B	2.426590261127984e-4	8.05106493861372e-4	0.0018723372164514886	0.0019812617144451517	0.0016296781903386902	increase
ECA812	A	5.094713108069457e-4	6.455077139993778e-4	3.0734675410324974e-4	5.702802919183385e-4	-2.0212455670369592e-4	decrease
ECA812	B	4.758554040224676e-6	3.690070476606693e-5	0.001093120783157501	0.0011137124221196806	0.0010883622291172764	increase
ECA923	A	0.010308726101689588	0.002194267723929412	0.004933746673939738	0.0013006770708306997	-0.00537497942774985	decrease
ECA923	B	0.01019307488502948	0.0021377508582950825	0.007130573417213181	0.0011797661063333252	-0.003062501467816299	decrease
ECA928	A	1.1632014422598293e-5	7.611574122143683e-5	0	0	-1.1632014422598293e-5	decrease
ECA928	B	6.18466036982423e-5	2.3827741080297872e-4	0	0	-6.18466036982423e-5	decrease
ECA930	A	0.00574345346608961	0.003515546955199694	2.7174050772630823e-4	9.00404326840815e-4	-0.005471712958363302	decrease
ECA930	B	0.0040739940103782036	0.003029103662046195	1.2629737571960103e-4	5.522157891889441e-4	-0.003947696634658602	decrease
ED3005	A	0.001378803948991686	0.002054948989589286	0	0	-0.001378803948991686	decrease
ED3005	B	0.003063741412325912	0.0029657677880694172	1.5709064114477157e-5	9.815234636355565e-5	-0.003048032348211435	decrease
ED3011	A	0.0037936819127737526	0.0035022323375918742	0	0	-0.0037936819127737526	decrease
ED3011	B	0.0011709583718227607	0.0020554446233885743	0	0	-0.0011709583718227607	decrease
ED3012	A	0	0	0	0	0	increase
ED3012	B	0	0	0	0	0	increase
ED3046	A	0.011322781318852646	0.004058254528783938	0	0	-0.011322781318852646	decrease
ED3046	B	0.006715258172052054	0.004020729412117376	0	0	-0.006715258172052054	decrease
ED3073	A	0.0109174234189831	0.006954134855202289	0.0028479162618736177	0.003855750800336331	-0.008069507157109483	decrease
ED3073	B	0.011613739436073044	0.007513253442426975	0.0024431482544021235	0.0028111601315564676	-0.00917059118167092	decrease
ED3077	A	0.014803681542283634	0.0025589598100008455	0	0	-0.014803681542283634	decrease
ED3077	B	0.00958285878373491	0.003277364285731813	0	0	-0.00958285878373491	decrease
EG4347	A	0.002096633580767883	0.0037124228918979205	0	0	-0.002096633580767883	decrease
EG4347	B	0.004056403357705767	0.005224812122547431	0	0	-0.004056403357705767	decrease
EG4349	A	2.374132423495764e-4	5.960311853509475e-4	1.4865554073647115e-4	4.915036710552032e-4	-8.875770161310525e-5	decrease
EG4349	B	4.417127236278605e-4	9.090463801493734e-4	0.0012907505751423637	0.0013881861312102781	8.490378515145032e-4	increase
EG4724	A	1.845821567061341e-5	1.2423138099422758e-4	1.1203991453945209e-4	4.907511187758019e-4	9.358169886883868e-5	increase
EG4724	B	1.521314878059029e-4	5.435027268163333e-4	3.876572693084183e-5	2.289966372486696e-4	-1.1336576087506106e-4	decrease
EG4946	A	2.4332158744486146e-4	8.355046668284006e-4	0	0	-2.4332158744486146e-4	decrease
EG4946	B	1.837293233428179e-4	7.426722832982478e-4	0	0	-1.837293233428179e-4	decrease
GXW1	A	0.005652351898495768	0.0037791371387253104	0	0	-0.005652351898495768	decrease
GXW1	B	0.002792900865872219	0.0030118305776177944	0	0	-0.002792900865872219	decrease
JU1200	A	7.888329815949436e-5	7.502325908358528e-4	0	0	-7.888329815949436e-5	decrease
JU1200	B	1.247678132648634e-4	6.135983050329872e-4	0	0	-1.247678132648634e-4	decrease
JU1212	A	0.015135390800336221	0.005850548152047552	0.030201529958807906	0.009185031403495929	0.015066139158471685	increase
JU1212	B	0.013796460115689182	0.006171467847728203	0.01752628891447059	0.0058592807718250445	0.0037298287987814083	increase
JU1246	A	0.014012492411489939	0.004311947410365703	0.06434019284987681	0.0032574297465804833	0.05032770043838687	increase
JU1246	B	0.016768105923112786	0.0038180162191865136	0.05006417567166739	0.0025319206901429784	0.033296069748554605	increase
JU1249	A	0	0	0	0	0	increase
JU1249	B	0	0	6.308941566548214e-5	3.012465550230216e-4	6.308941566548214e-5	increase
JU1400	A	0.0012151579072677606	0.0015819728224528244	0.0051267647457397285	0.003976846221399974	0.003911606838471968	increase
JU1400	B	0.0019731536518489325	0.002197779763793279	0.001486113614590864	0.0017877788717916376	-4.870400372580686e-4	decrease
JU1491	A	2.1246216426787996e-5	1.2443368771885316e-4	0	0	-2.1246216426787996e-5	decrease
JU1491	B	0	0	3.204313300048217e-6	3.204313300048217e-5	3.204313300048217e-6	increase
JU1530	A	5.709811759628268e-4	0.001790520480916286	2.32053151476824e-4	8.677166080668457e-4	-3.389280244860028e-4	decrease
JU1530	B	6.802912821455982e-4	0.001984487699573141	0.0013378125003555093	0.0030148346720230822	6.575212182099111e-4	increase
JU1586	A	0.00270353752707438	0.0035675461200135807	2.1415690000629777e-4	7.99406163457595e-4	-0.002489380627068082	decrease
JU1586	B	0.002563644699761603	0.0036798219784678694	5.510561503964072e-4	0.0014148600887092678	-0.0020125885493651957	decrease
JU1652	A	0.009397417410700987	0.003634297290285628	0.0030406424575201586	0.003282981250337269	-0.0063567749531808285	decrease
JU1652	B	0.008495479764967291	0.003468851892263433	0.0035251718602385637	0.002982669679325413	-0.004970307904728728	decrease
JU1666	A	0.004076089853687927	0.002572714561857023	0	0	-0.004076089853687927	decrease
JU1666	B	0.005854844884157665	0.0028920468357306107	0	0	-0.005854844884157665	decrease
JU1792	A	0.0016005902670252494	0.0025247138900727326	0	0	-0.0016005902670252494	decrease
JU1792	B	3.030598580696954e-5	2.9196931679806933e-4	1.2554962697960265e-4	7.922316698378382e-4	9.524364117263312e-5	increase
JU1793	A	0.010814385356365343	0.006731525408709047	0.018557961807700106	0.008820606829913825	0.007743576451334763	increase
JU1793	B	0.009874330036036385	0.006131726480961263	0.027971767508004824	0.006198007677029525	0.018097437471968437	increase
JU1896	A	0	0	0	0	0	increase
JU1896	B	0	0	0	0	0	increase
JU1934	A	0.024941490052952403	0.0026682845372708844	0.04015052572667332	0.005580137411729131	0.015209035673720915	increase
JU1934	B	0.026492827784216157	0.0030552695192128305	0.045627537432491615	0.003610777714791314	0.019134709648275457	increase
JU2001	A	1.6466568427159215e-5	1.1074462091793235e-4	0	0	-1.6466568427159215e-5	decrease
JU2001	B	0	0	0	0	0	increase
JU2016	A	0	0	0	0	0	increase
JU2016	B	0	0	0	0	0	increase
JU2017	A	5.3444888928123336e-5	2.543466445785277e-4	0	0	-5.3444888928123336e-5	decrease
JU2017	B	3.458031755869939e-5	2.3532513705343207e-4	8.933910034413063e-6	8.933910034413062e-5	-2.5646407524286328e-5	decrease
JU2250	A	0.022738231491429596	0.007029876446083411	0.002995731894407159	0.0022601624535835635	-0.019742499597022435	decrease
JU2250	B	0.018852078312899003	0.004610148278582724	0.01115453697856386	0.0034969017613141378	-0.007697541334335143	decrease
JU2257	A	4.0857664478071126e-4	0.0011920742345437575	0	0	-4.0857664478071126e-4	decrease
JU2257	B	5.959076468544712e-6	5.9590764685447115e-5	2.8971804071264806e-5	1.7281559028219434e-4	2.3012727602720095e-5	increase
JU2478	A	0	0	0	0	0	increase
JU2478	B	0	0	0	0	0	increase
JU2513	A	3.4733255437021737e-6	3.4733255437021735e-5	0	0	-3.4733255437021737e-6	decrease
JU2513	B	5.981097209262068e-5	2.802256803036384e-4	0	0	-5.981097209262068e-5	decrease
JU2522	A	0.012287754634439652	0.0030205467278130245	0.049362937571666043	0.001978684552199425	0.03707518293722639	increase
JU2522	B	0.010097111176303592	0.00302510130309715	0.0379881767438448	0.0023390455813429695	0.027891065567541205	increase
JU2526	A	4.4130987528092855e-4	8.537893366257635e-4	1.4753087330614744e-5	1.0386527596748729e-4	-4.265567879503138e-4	decrease
JU2526	B	7.686556528680703e-4	0.0012018052838554064	3.7923263437821744e-5	1.4926443117837602e-4	-7.307323894302486e-4	decrease
JU2570	A	0	0	0	0	0	increase
JU2570	B	0	0	3.6930709968701155e-4	0.0012868403364073727	3.6930709968701155e-4	increase
JU2572	A	0.004772945755701377	0.0036259339296865834	0.002088104869663222	0.003127904729189178	-0.002684840886038155	decrease
JU2572	B	0.007757432117004076	0.0044969206350924905	0.0023282429043583715	0.002819438758835921	-0.005429189212645704	decrease
JU2575	A	1.7663543117840723e-5	1.1015318550668694e-4	0	0	-1.7663543117840723e-5	decrease
JU2575	B	0	0	0	0	0	increase
JU2581	A	0.0032970408517948267	0.002624766556767869	8.090217456260907e-5	3.644681646039224e-4	-0.0032161386772322177	decrease
JU2581	B	0.003981674938259924	0.002668116601942925	0	0	-0.003981674938259924	decrease
JU2586	A	0.008932048843464473	0.002595877018092534	3.331636383272899e-4	9.080585289630041e-4	-0.008598885205137184	decrease
JU2586	B	0.010787234613028234	0.002555981433036496	0.0017662529387806186	0.001776339264625714	-0.009020981674247615	decrease
JU2592	A	1.1178098466238524e-4	4.352057139897494e-4	0	0	-1.1178098466238524e-4	decrease
JU2592	B	1.3157140164112054e-4	4.6917768428931834e-4	2.598609378248745e-4	8.891247814962752e-4	1.2828953618375396e-4	increase
JU2610	A	9.012755584219689e-4	0.0015827581156069971	0.014068261384047969	0.003901700139445486	0.013166985825626	increase
JU2610	B	0.0010787992277852354	0.0017270133377073548	0.017447097571626338	0.003745741118614271	0.0163682983438411	increase
JU2619	A	4.8762201223153074e-5	2.3553929352228484e-4	4.38030253995146e-5	2.713469529390393e-4	-4.9591758236384765e-6	decrease
JU2619	B	3.227843573503888e-4	8.24785080315784e-4	0	0	-3.227843573503888e-4	decrease
JU2811	A	1.3193160212436684e-4	3.937566830731108e-4	0	0	-1.3193160212436684e-4	decrease
JU2811	B	0	0	2.357025011503558e-6	2.357025011503558e-5	2.357025011503558e-6	increase
JU2825	A	0	0	1.2086411591867376e-5	8.487457113505586e-5	1.2086411591867376e-5	increase
JU2825	B	0	0	6.141359757770654e-4	0.001076479907388373	6.141359757770654e-4	increase
JU2838	A	6.443193513685572e-7	6.4431935136855724e-6	0	0	-6.443193513685572e-7	decrease
JU2838	B	0	0	3.86725822379371e-5	1.8763861027195253e-4	3.86725822379371e-5	increase
JU2841	A	0.00698811456959903	0.0017079247501196602	0	0	-0.00698811456959903	decrease
JU2841	B	0.004805325616863314	0.0018219630621695176	0	0	-0.004805325616863314	decrease
JU2853	A	0	0	0	0	0	increase
JU2853	B	0	0	0	0	0	increase
JU2907	A	8.46030347009024e-5	5.669246283862674e-4	0	0	-8.46030347009024e-5	decrease
JU2907	B	8.079198506107853e-5	6.028202186515334e-4	0	0	-8.079198506107853e-5	decrease
JU310	A	0	0	0	0	0	increase
JU310	B	0	0	0	0	0	increase
JU3128	A	0	0	0	0	0	increase
JU3128	B	3.092910431354063e-5	2.5577791294225066e-4	0	0	-3.092910431354063e-5	decrease
JU3132	A	0.008739966162415	0.0035048226167696105	0.04611490244273057	0.002269115392461068	0.03737493628031557	increase
JU3132	B	0.00923446685172637	0.0029231922582482195	0.0368895543967126	0.0037557443280194346	0.027655087544986228	increase
JU3141	A	5.74988350261355e-4	0.0018487818433067583	0	0	-5.74988350261355e-4	decrease
JU3141	B	1.3430368071965e-4	6.605455928598151e-4	0	0	-1.3430368071965e-4	decrease
JU3144	A	0.002809890736175866	0.0021367388779252503	0.005596393327471901	0.0030560996638912667	0.002786502591296035	increase
JU3144	B	0.002380069506378702	0.001754723139856254	0.007458369507594022	0.0022814135703412863	0.00507830000121532	increase
JU3166	A	0.010680196634306208	0.0019902658314228413	0.009069145886704585	0.0028201238327108815	-0.0016110507476016223	decrease
JU3166	B	0.006126668909500626	0.001800157197501677	0.006792595664196249	0.002465778498335696	6.659267546956227e-4	increase
JU3167	A	7.150856428889638e-4	0.0012287095016619977	0.00939524392155879	0.0016256463385515446	0.008680158278669827	increase
JU3167	B	0.006069674899108044	0.0016564912447588937	0.010833856683932011	0.001254518347573038	0.004764181784823967	increase
JU3169	A	1.9631666006078387e-4	5.230015671359176e-4	8.341731389079362e-5	2.997922433803534e-4	-1.1289934616999025e-4	decrease
JU3169	B	0	0	3.3496885653030973e-4	6.810661232543031e-4	3.3496885653030973e-4	increase
JU3224	A	0.0026938105032611446	0.00234717200959855	0.0016279976216907704	0.001690711836225196	-0.0010658128815703742	decrease
JU3224	B	0.004310526836457516	0.0022126583633334733	0.0025187311053359858	0.0017052523886388693	-0.0017917957311215306	decrease
JU3225	A	0	0	0	0	0	increase
JU3225	B	2.8134065702380365e-6	1.688166469591826e-5	0	0	-2.8134065702380365e-6	decrease
JU3226	A	0.0015097774099605452	3.7170607828331177e-4	0.0030052166571898128	4.7707059854584457e-4	0.0014954392472292675	increase
JU3226	B	0.0021202351359258615	4.4163466485347896e-4	0.0013572119716113303	5.032025138809071e-4	-7.630231643145312e-4	decrease
JU3280	A	9.3793751861565e-4	0.0019157849418334708	0	0	-9.3793751861565e-4	decrease
JU3280	B	6.499502301691862e-4	0.0016468513399294307	0	0	-6.499502301691862e-4	decrease
JU3282	A	0.004238130211872103	0.003185984270028934	0	0	-0.004238130211872103	decrease
JU3282	B	0.00222208393338403	0.0025837936084788203	1.378809812466906e-6	1.378809812466906e-5	-0.002220705123571563	decrease
JU3291	A	0.008254304045622331	0.0024977822416264424	0.12020310476781364	0.008692159084325761	0.11194880072219131	increase
JU3291	B	0.011771831591738667	0.002855836155006778	0.10232805038317844	0.005498054263555099	0.09055621879143977	increase
JU367	A	0.0012467714809433895	0.00197745938227281	0	0	-0.0012467714809433895	decrease
JU367	B	5.47084769156895e-5	3.28041469351269e-4	1.062522830970508e-5	7.508173499915549e-5	-4.408324860598442e-5	decrease
JU393	A	0.008477319355615978	0.003096149552404225	0.008911120104882767	0.004862577700759869	4.3380074926678905e-4	increase
JU393	B	0.004382793290391052	0.0024172364765457743	0.004795277516531898	0.0031270344096134208	4.124842261408459e-4	increase
JU394	A	8.5367738240554e-4	0.001211204801197389	0.002724320191367785	0.0029543548357510614	0.001870642808962245	increase
JU394	B	3.127290882543774e-4	7.367736452719023e-4	0.0017891931349565617	0.0020817024429617783	0.0014764640467021843	increase
JU397	A	0.11949665789705421	0.005440909543663328	0.05582492600247926	0.005192351501732697	-0.06367173189457495	decrease
JU397	B	0.11865499151751047	0.006180709952472026	0.0760670048048517	0.005076443457461343	-0.04258798671265876	decrease
JU406	A	3.102482735265663e-4	0.0011100905501436914	0	0	-3.102482735265663e-4	decrease
JU406	B	2.364547547646242e-5	1.9076038686078817e-4	0	0	-2.364547547646242e-5	decrease
JU642	A	3.7203975330048076e-4	8.519534166813957e-4	0	0	-3.7203975330048076e-4	decrease
JU642	B	2.8264042657299014e-5	1.9952830999541132e-4	0	0	-2.8264042657299014e-5	decrease
JU751	A	0	0	0	0	0	increase
JU751	B	2.197443631733113e-5	1.3015593386576878e-4	0	0	-2.197443631733113e-5	decrease
JU778	A	0.00574337500518578	0.005777252154780765	0	0	-0.00574337500518578	decrease
JU778	B	0.007091238153017781	0.006469980627534104	5.91834979594383e-5	3.1227413231402337e-4	-0.007032054655058343	decrease
JU782	A	0.008656141093835806	0.0020495018375790344	0.0026339506363081844	0.003153795536197475	-0.006022190457527622	decrease
JU782	B	0.006691281486733729	0.0019504178238627307	0.004691797518749192	0.0032688822251141763	-0.001999483967984537	decrease
JU792	A	0.0020112906998795395	0.003992850056261183	0	0	-0.0020112906998795395	decrease
JU792	B	1.4602638083061306e-4	6.499017225993444e-4	0	0	-1.4602638083061306e-4	decrease
JU847	A	0.0012025870478882515	0.0015046078606632562	9.040724757901689e-5	4.5474497082723006e-4	-0.0011121798003092347	decrease
JU847	B	0.003332025079564261	0.002353433957256484	0.002233649868359133	0.002126594957825222	-0.001098375211205128	decrease
MY10	A	3.253352312994136e-4	5.759571622229213e-4	1.4680921767306865e-5	1.2606572262950744e-4	-3.1065430953210676e-4	decrease
MY10	B	6.870185711155163e-4	7.096659212575603e-4	7.789189299912513e-5	2.5804128483765523e-4	-6.091266781163911e-4	decrease
MY18	A	0.004569932026079439	0.004761514885700968	0.0028997093105584968	0.00351104958570118	-0.0016702227155209418	decrease
MY18	B	0.0026040067385269335	0.0035224160559002592	8.001035869458682e-4	0.0012664294471229475	-0.0018039031515810653	decrease
MY2147	A	6.093659876366394e-4	0.0011379792328650427	2.337955156638991e-4	6.529843479609187e-4	-3.755704719727403e-4	decrease
MY2147	B	3.7723583314292007e-4	7.819733282778126e-4	8.900837432739871e-4	0.001311108805303488	5.128479101310671e-4	increase
MY2585	A	0.002659770420156217	0.0033031552013171135	0.0014754322251800437	0.0020598441507877615	-0.0011843381949761735	decrease
MY2585	B	0.004384075976083315	0.004600415840856755	4.199711035057587e-4	8.65234238303632e-4	-0.003964104872577557	decrease
MY2713	A	0.008200018590353483	0.006373605146445738	0.0026482666487169116	0.0035684849120073353	-0.005551751941636571	decrease
MY2713	B	0.013184144900555604	0.00702857228356891	0.001566847000149618	0.002277374825584084	-0.011617297900405986	decrease
MY518	A	0.014955837626232744	0.004428421091204383	0	0	-0.014955837626232744	decrease
MY518	B	0.013160443118980248	0.006184914029268011	0	0	-0.013160443118980248	decrease
MY772	A	6.328882015718891e-4	0.0016554710529126763	2.361420515473713e-4	8.015545872597871e-4	-3.9674615002451783e-4	decrease
MY772	B	9.756835949233005e-4	0.0022601224500770414	1.0720385248913111e-4	4.128129945478717e-4	-8.684797424341694e-4	decrease
MY795	A	0.009660626202935075	0.004262930984196897	7.159825171156806e-4	0.0016102905419688042	-0.008944643685819395	decrease
MY795	B	0.010156506980010995	0.0032592920402048195	3.4793795559831645e-4	9.046467233298986e-4	-0.009808569024412678	decrease
NIC1049	A	5.283937406910103e-4	0.0012444308350857032	0	0	-5.283937406910103e-4	decrease
NIC1049	B	9.010886450679721e-6	6.83642625264597e-5	0	0	-9.010886450679721e-6	decrease
NIC1119	A	0.0014000350209563573	0.0014386585622580934	4.7723833294999917e-4	7.951593980976319e-4	-9.227966880063581e-4	decrease
NIC1119	B	9.03481147620316e-4	0.0010474793487341935	0.0010992119462092896	0.0013236758915001739	1.9573079858897367e-4	increase
NIC166	A	0.004135222717100038	0.002706540347561457	1.3969696339551505e-5	7.573580179370218e-5	-0.004121253020760487	decrease
NIC166	B	0.0064002372303084325	0.0022204634387346022	0.0011164014029288688	0.0013515445724803826	-0.005283835827379564	decrease
NIC1780	A	0.008182712716405067	0.0012410090598045395	4.30216534567653e-5	1.5658119940861038e-4	-0.008139691062948302	decrease
NIC1780	B	0.006599554621721652	0.001425467290361677	0.001512793116880617	0.0011807543043698236	-0.005086761504841035	decrease
NIC1785	A	0.0010841499985601733	0.0011234652335001686	0.0032654804185766584	0.001811774552294841	0.002181330420016485	increase
NIC1785	B	0.004276042243047758	0.0016682265474307926	0.007019831724611805	0.0015066055751056474	0.0027437894815640473	increase
NIC1788	A	0.010842784605867404	0.0014622847599622102	0.008797304698412117	0.0016165825493321714	-0.0020454799074552873	decrease
NIC1788	B	0.009905301329143698	0.0012366091608974055	0.0102365235733603	0.0013809970649410691	3.312222442166009e-4	increase
NIC1789	A	6.297261088840508e-4	7.919346835254845e-4	3.403228729885558e-4	5.348815100321322e-4	-2.89403235895495e-4	decrease
NIC1789	B	0.0036931687022789712	0.0011092084987877526	0.00390872638461596	9.949902029045433e-4	2.155576823369889e-4	increase
NIC1794	A	0.0031681386083141855	0.001351564225605323	0.004465953113194785	0.0015779074591360746	0.0012978145048805996	increase
NIC1794	B	0.0030770060989644614	0.0014023349950841402	2.3326455445287137e-4	5.147793829686758e-4	-0.00284374154451159	decrease
NIC1799	A	0.003418672133320754	0.0021125279873446963	0.003688931012326284	0.0020679701334073565	2.7025887900553004e-4	increase
NIC1799	B	0.0010656977519988861	0.0013686479315403784	5.403401062029753e-4	9.790269409932762e-4	-5.253576457959108e-4	decrease
NIC195	A	0.0018462244364202773	0.0020414390480328324	0.0031896543191682267	0.0025090631452889473	0.0013434298827479493	increase
NIC195	B	0.003965519627419888	0.0023771990028979427	0.002618165270307689	0.0022450981616346883	-0.0013473543571121994	decrease
NIC207	A	6.463553215899358e-6	6.463553215899358e-5	0	0	-6.463553215899358e-6	decrease
NIC207	B	1.7956164240312714e-5	1.7956164240312712e-4	0	0	-1.7956164240312714e-5	decrease
NIC236	A	0.012961108094632004	0.002305008005860752	0.0038995461700321674	0.002127888216800557	-0.009061561924599837	decrease
NIC236	B	0.0157692711592788	0.002161451146406071	0.01253608619638906	0.001936818314572762	-0.0032331849628897402	decrease
NIC242	A	0.011121123858538164	0.003017481583666702	0.0076128795189496215	0.003609557617138164	-0.003508244339588543	decrease
NIC242	B	0.007695528703561804	0.0029410005704149688	0.006481930835506491	0.002805262226187912	-0.0012135978680553137	decrease
NIC251	A	0.001160731450979174	0.0011123287493406814	6.2990908320102095e-6	6.29909083201021e-5	-0.0011544323601471638	decrease
NIC251	B	1.8911809256000908e-4	3.744187846352334e-4	7.221657978033164e-6	5.555375848179873e-5	-1.8189643458197592e-4	decrease
NIC255	A	6.488117672006579e-5	3.657823819090442e-4	0	0	-6.488117672006579e-5	decrease
NIC255	B	1.1246293846180006e-4	5.470182944513598e-4	0	0	-1.1246293846180006e-4	decrease
NIC259	A	0.004651438407759653	0.004435131358915732	4.954875448578752e-5	2.925165566518158e-4	-0.004601889653273866	decrease
NIC259	B	0.007024475980881251	0.0047457721485162216	0	0	-0.007024475980881251	decrease
NIC262	A	1.1699770687143546e-5	7.73318262093462e-5	0	0	-1.1699770687143546e-5	decrease
NIC262	B	7.741621762642003e-4	0.001086598430343786	2.692739437577582e-5	1.3552135789241454e-4	-7.472347818884245e-4	decrease
NIC265	A	0.010920076667091534	0.0014060823514754626	4.7117717246875936e-4	8.416205664446293e-4	-0.010448899494622774	decrease
NIC265	B	0.012789718765503773	0.001914360642345214	1.9695065921898915e-4	4.858280847839834e-4	-0.012592768106284784	decrease
NIC266	A	6.043510608614826e-4	8.093147390393312e-4	8.689378045131396e-5	3.20967502796646e-4	-5.174572804101686e-4	decrease
NIC266	B	6.730842222663132e-4	8.67927434677893e-4	9.505373360623384e-4	0.0010993520883199408	2.774531137960252e-4	increase
NIC268	A	1.9893546266003476e-4	3.6785406043364065e-4	0.003589590175730039	0.0011136643896853737	0.0033906547130700044	increase
NIC268	B	4.1480949187573267e-4	6.204654036585524e-4	0.003889785996012533	0.0012053103326336806	0.0034749765041368003	increase
NIC269	A	0.010972001609481877	0.002315199170610104	0.01810030218119558	0.0025915447909040453	0.007128300571713705	increase
NIC269	B	0.012548120377880374	0.002368022053876439	0.019181820215541972	0.0024176903307766653	0.006633699837661598	increase
NIC271	A	1.5533732172903314e-4	4.612072897893593e-4	1.3556630190342391e-4	4.501305556606764e-4	-1.9771019825609224e-5	decrease
NIC271	B	0.0033883595590656237	0.0022857654928337356	2.212998425202568e-4	6.67080486673428e-4	-0.003167059716545367	decrease
NIC272	A	0	0	0	0	0	increase
NIC272	B	8.895047672968416e-6	8.895047672968417e-5	0	0	-8.895047672968416e-6	decrease
NIC276	A	9.202139582267795e-4	0.0016124876891756399	0	0	-9.202139582267795e-4	decrease
NIC276	B	2.090993735431123e-5	1.359984461446287e-4	0	0	-2.090993735431123e-5	decrease
NIC501	A	0.0015315563659725484	0.0021094332892962215	0.0012501583443959561	0.001615034107690666	-2.8139802157659227e-4	decrease
NIC501	B	0.004465926780209899	0.0035386662478354624	0.010547006835464223	0.0021487332139040597	0.0060810800552543245	increase
NIC511	A	0.014273993034409526	0.0036563637357455467	2.2990754098268316e-4	6.054864002305224e-4	-0.014044085493426842	decrease
NIC511	B	0.009482053100637553	0.0037383020279932013	9.600225243046797e-4	0.0014265941216540696	-0.008522030576332874	decrease
NIC515	A	0.003877309564242437	0.002730782269789269	0.010520094783091122	0.00266758206804726	0.006642785218848686	increase
NIC515	B	0.010657567996488194	0.0032096270238672958	0.003897993274361893	0.0022086569099965788	-0.0067595747221263006	decrease
NIC526	A	8.662058558023328e-5	4.1777054203834236e-4	0	0	-8.662058558023328e-5	decrease
NIC526	B	8.575213982505635e-5	3.965214371687711e-4	0	0	-8.575213982505635e-5	decrease
NIC527	A	0.01354870333422068	0.004383980756110794	0.003758090357357621	0.0037054215831734765	-0.009790612976863058	decrease
NIC527	B	0.012793656675535595	0.004299877113838721	0.001805851252674327	0.0024939093067648187	-0.010987805422861268	decrease
NIC528	A	0	0	7.909490807039275e-7	7.909490807039274e-6	7.909490807039275e-7	increase
NIC528	B	8.845743475316604e-6	8.845743475316604e-5	0	0	-8.845743475316604e-6	decrease
NIC529	A	0.002330635749874164	0.0023650766693661895	0	0	-0.002330635749874164	decrease
NIC529	B	4.281113423134249e-4	9.429921593669168e-4	1.823717981839163e-5	1.6794475427673637e-4	-4.098741624950333e-4	decrease
PB306	A	0.034303567083363094	0.004080469791499336	0.004232528850646631	0.004028044170128771	-0.030071038232716462	decrease
PB306	B	0.03398324769423033	0.004788408823384202	0.01506839764713523	0.004576608781888393	-0.018914850047095096	decrease
PX179	A	0.02116318616096875	0.011202391253329674	0.0050581301404799646	0.006335711278997275	-0.016105056020488784	decrease
PX179	B	0.01735606274099205	0.010625708617763992	0.002357133766283606	0.0035663412890813203	-0.014998928974708444	decrease
QG2823	A	3.7738279805719807e-4	8.489330517140514e-4	0	0	-3.7738279805719807e-4	decrease
QG2823	B	4.878730752664082e-4	0.0010241262876081137	0	0	-4.878730752664082e-4	decrease
QG2827	A	5.936726783276327e-4	8.985765894750158e-4	0	0	-5.936726783276327e-4	decrease
QG2827	B	4.336913669694872e-4	8.64994624551901e-4	1.416625222875672e-4	4.53862466896638e-4	-2.9202884468191995e-4	decrease
QG2828	A	0.005028182357716434	0.002626758207410801	2.760252010763814e-4	6.582371065483199e-4	-0.004752157156640052	decrease
QG2828	B	0.009068993046420067	0.002657554913050195	8.1263325022038e-4	0.0011493951653961986	-0.008256359796199687	decrease
QG2832	A	0.0071183208820260035	0.0024814819768875234	0.02265780371260517	0.003773580378460546	0.015539482830579167	increase
QG2832	B	0.008281988125647679	0.0023299889330581913	0.035306449916797954	0.0028682960463586875	0.027024461791150277	increase
QG2835	A	0.043451463951746226	0.0023924191246321	0.009636636808421228	0.003824029202586013	-0.033814827143324996	decrease
QG2835	B	0.037640462548537375	0.0028826409997581366	0.009967331798785608	0.002949429672895844	-0.027673130749751765	decrease
QG2837	A	0.0010070388355318692	0.0017036292102289442	0.002502924870255428	0.002281993097074991	0.001495886034723559	increase
QG2837	B	0.002953929094316227	0.002274904870341599	0.0017502962585597664	0.0018520094080577987	-0.0012036328357564604	decrease
QG2838	A	4.157878417318222e-6	4.157878417318223e-5	7.075644482286485e-6	7.075644482286485e-5	2.917766064968263e-6	increase
QG2838	B	4.0876128396008635e-4	6.608954862062586e-4	3.005132349018511e-4	5.510997666391414e-4	-1.0824804905823525e-4	decrease
QG2841	A	0	0	0	0	0	increase
QG2841	B	0	0	2.5534810537138404e-6	2.5534810537138407e-5	2.5534810537138404e-6	increase
QG2846	A	0.0027784683777105903	0.0013244307166706743	1.4250569911556331e-5	1.1250591665696502e-4	-0.002764217807799034	decrease
QG2846	B	2.857075544420389e-4	5.777690065620916e-4	4.222904301481585e-5	1.9548473043048284e-4	-2.4347851142722304e-4	decrease
QG2850	A	0.01009883572099886	0.0031178378430718814	0	0	-0.01009883572099886	decrease
QG2850	B	0.01985027962791648	0.0027089894033995353	0	0	-0.01985027962791648	decrease
QG2854	A	0.0021668141603288513	0.002070265725971424	0.0017156381071594998	0.001820501034917035	-4.511760531693515e-4	decrease
QG2854	B	0.004040016183457233	0.001852983385739592	0.0014478230590085793	0.0014421699195190764	-0.002592193124448654	decrease
QG2855	A	2.198859614467328e-5	2.1530317856465633e-4	7.5556401061591335e-6	7.555640106159133e-5	-1.4432956038514146e-5	decrease
QG2855	B	1.995847912262632e-4	7.427214003306445e-4	4.090819520017073e-5	2.8835650834511966e-4	-1.5867659602609248e-4	decrease
QG2857	A	0.0034431667221996873	0.0025764134080021794	0	0	-0.0034431667221996873	decrease
QG2857	B	8.07855839045698e-5	3.0541959609389026e-4	0	0	-8.07855839045698e-5	decrease
QG2873	A	2.5717979613125394e-5	1.5554114445676226e-4	0	0	-2.5717979613125394e-5	decrease
QG2873	B	1.0339034797616874e-4	6.715405318851648e-4	0	0	-1.0339034797616874e-4	decrease
QG2874	A	0.0016952802229694775	0.0018539973833969026	2.0191713763059877e-6	2.019171376305988e-5	-0.0016932610515931715	decrease
QG2874	B	0.004540290292769529	0.002269300539790555	3.22770700859654e-4	6.771617616460021e-4	-0.004217519591909875	decrease
QG2875	A	0.02735601313927249	0.0018595611816949941	0.005518251950581385	0.004927230932763186	-0.021837761188691105	decrease
QG2875	B	0.02533913309833178	0.0017222978906293795	0.04087145721444774	0.004775490833899117	0.015532324116115957	increase
QG2932	A	0	0	0	0	0	increase
QG2932	B	0	0	0	0	0	increase
QG536	A	0.00328408373105325	0.002336635630232822	5.216523449004289e-4	0.0014943639182641588	-0.002762431386152821	decrease
QG536	B	2.418794914807381e-4	6.597387011442733e-4	6.53705613502472e-4	0.0013305060114831501	4.118261220217339e-4	increase
QG556	A	8.595108905079465e-4	9.004651483099462e-4	0.0011688566938990515	0.001177536920748285	3.09345803391105e-4	increase
QG556	B	1.8141121594881588e-4	4.426281437389516e-4	5.821826950169695e-4	7.045299520196066e-4	4.0077147906815365e-4	increase
QG557	A	0.006109148356814067	0.004341543535623803	1.284018691143808e-4	5.510226720767868e-4	-0.0059807464876996865	decrease
QG557	B	0.006529420119971758	0.003994167132075719	3.9607320087257344e-4	9.196690804695736e-4	-0.006133346919099185	decrease
QW947	A	0.011491247741889045	0.0015190861330868822	4.718251018536591e-5	2.759498920494019e-4	-0.011444065231703679	decrease
QW947	B	0.01099213379799094	0.0018480229910337305	3.6844432694804914e-5	1.96425689493962e-4	-0.010955289365296135	decrease
QX1211	A	4.4392665162553606e-4	3.804402408947675e-4	2.523023667351999e-4	3.663602458573981e-4	-1.9162428489033614e-4	decrease
QX1211	B	1.3932477369078814e-4	2.3296047536588402e-4	0	0	-1.3932477369078814e-4	decrease
QX1212	A	0.006799593534842886	0.005593650968688122	0.0027612774953681366	0.0031465094214551087	-0.004038316039474749	decrease
QX1212	B	0.011093762062392425	0.005963272147319795	0.004091568446047667	0.002641775175497408	-0.007002193616344758	decrease
QX1233	A	0.00872800254746234	0.004706274237879671	0.002127797145769484	0.002160815516623939	-0.006600205401692856	decrease
QX1233	B	0.0068155896401724024	0.004046052610094435	0.002761843058077303	0.002342984780218331	-0.0040537465820951	decrease
QX1791	A	0.002198007715832061	0.0010922133290702343	0	0	-0.002198007715832061	decrease
QX1791	B	6.544594986744468e-4	7.269723776891243e-4	6.65313354084799e-5	1.8819133314723895e-4	-5.879281632659669e-4	decrease
QX1792	A	4.0979528938556474e-4	7.40416941563639e-4	0.0032888102613279264	0.001960805301153907	0.0028790149719423617	increase
QX1792	B	4.174539527362133e-4	8.563173242650125e-4	1.0861558421425688e-4	3.2687575966840616e-4	-3.088383685219564e-4	decrease
QX1793	A	0.001139698482433807	8.588609593229979e-4	9.69887939149745e-6	5.98723401341732e-5	-0.0011299996030423097	decrease
QX1793	B	0.0011675489586505036	8.217699215321821e-4	8.816065305824831e-4	8.702122396368832e-4	-2.8594242806802056e-4	decrease
RC301	A	0.0041562917498961715	0.002950070825121121	0	0	-0.0041562917498961715	decrease
RC301	B	0.0053323161993808895	0.004030927036745496	0	0	-0.0053323161993808895	decrease
TWN2530	A	0.002206073935743105	0.0031094341983303815	2.260060212421502e-5	1.7751436641904526e-4	-0.0021834733336188903	decrease
TWN2530	B	0.0017054176312773883	0.002635689440100527	6.650775453926351e-5	4.401860460438618e-4	-0.0016389098767381248	decrease
WN2001	A	4.530322816947453e-4	7.675469537700506e-4	1.0245493960588571e-4	3.247503400404971e-4	-3.505773420888596e-4	decrease
WN2001	B	1.3486943260149125e-4	3.651496612848036e-4	1.2926220399089795e-4	4.0856140471458405e-4	-5.607228610593295e-6	decrease
WN2050	A	5.92583782693663e-4	9.974425590540486e-4	0.00463900179413681	0.0032223550983926565	0.004046418011443147	increase
WN2050	B	4.5517507223471695e-4	9.360615561435327e-4	0.00761401568021248	0.0025010959689786244	0.007158840607977763	increase
WN2063	A	0.012202729555194672	0.004771532960345038	0.023845207851682194	0.0037783025237465755	0.011642478296487522	increase
WN2063	B	0.016829160611415463	0.005536844563296525	0.014770169858648138	0.0030012383755336617	-0.0020589907527673243	decrease
WN2064	A	0.007009480464414061	0.004028822113052903	0	0	-0.007009480464414061	decrease
WN2064	B	0.0015921375563874216	0.0021692181964056553	0.0014940765204516976	0.0020143665652705145	-9.8061035935724e-5	decrease
WN2066	A	0.0040314252331523056	0.002722833290292999	0.0013136654354490233	0.0019057197904058258	-0.002717759797703282	decrease
WN2066	B	0.0034699404075141747	0.002648827625949843	0.0025134769236143744	0.002382660986134374	-9.564634838998003e-4	decrease
WN2069	A	6.610712366540691e-4	0.0017056277365745665	0	0	-6.610712366540691e-4	decrease
WN2069	B	0	0	0	0	0	increase
WN2086	A	2.0691404684601915e-5	1.436137130833304e-4	0	0	-2.0691404684601915e-5	decrease
WN2086	B	9.593567977214512e-7	9.593567977214512e-6	9.801467365724739e-5	5.773406999335013e-4	9.705531685952593e-5	increase
XZ1515	A	8.000311207762387e-5	0.00038472913649232183	1.241254747367755e-4	5.717869244226777e-4	4.412236265915162e-5	increase
XZ1515	B	1.5258893453661782e-4	6.155610189934732e-4	8.09356326998401e-5	5.196096723801654e-4	-7.165330183677773e-5	decrease
XZ1672	A	0	0	0	0	0	increase
XZ1672	B	6.4455982441618466e-6	6.445598244161846e-5	0	0	-6.4455982441618466e-6	decrease
XZ1734	A	1.794514617374112e-5	1.3052075108706382e-4	3.73384061479238e-4	0.0012132512548189052	3.5543891530549684e-4	increase
XZ1734	B	4.532386951994271e-5	2.6773246900518367e-4	5.476931048163596e-4	0.0014235861571327802	5.023692352964169e-4	increase
XZ1756	A	0.0022159239864109766	0.0024596425692357746	4.454496189616437e-4	0.0012475540249039388	-0.0017704743674493329	decrease
XZ1756	B	3.7025795174458573e-4	0.0010299536937745102	1.611580478265961e-4	6.500101062237977e-4	-2.0909990391798964e-4	decrease
XZ2018	A	0.004775514137680652	0.004194902362168305	0	0	-0.004775514137680652	decrease
XZ2018	B	0.0010228962030557867	0.001724180623631875	0	0	-0.0010228962030557867	decrease
XZ2019	A	0.00853426093439207	0.002541135940038658	0.008233945442484293	0.0033219560660402462	-3.003154919077773e-4	decrease
XZ2019	B	0.010060673831218184	0.002653603890324517	0.01662319372016254	0.002018571367323597	0.006562519888944355	increase
XZ2020	A	0.003718043080028954	0.00205971774147147	0	0	-0.003718043080028954	decrease
XZ2020	B	0.0062238687532070285	0.00228800713943304	0.0016403063122316802	0.0016582532417407138	-0.0045835624409753485	decrease
XZ2211	A	0.0034679940801108622	0.0010988843702955976	0.002118931843535712	0.0012651597229315422	-0.0013490622365751504	decrease
XZ2211	B	0.0018279682523718555	0.0010856006429838347	0.0010135770262030435	0.0010057445210310283	-8.14391226168812e-4	decrease
