strain	mean_delta_freq	n_reps
JU3291	0.10125250975681555	2
ECA1255	0.07437541876441921	2
ECA738	0.05124683762832852	2
JU1246	0.04181188509347074	2
ECA777	0.037583389715572964	2
JU3132	0.032515011912650896	2
JU2522	0.032483124252383797	2
QG2832	0.021281972310864723	2
JU1934	0.017171872660998184	2
JU2610	0.014767642084733551	2
ECA1286	0.013324403056785318	2
JU1793	0.0129205069616516	2
ECA760	0.009764856854230942	2
JU1212	0.009397983978626546	2
ECA1271	0.00721352908062366	2
NIC269	0.006881000204687651	2
JU3167	0.006722170031746897	2
WN2050	0.005602629309710455	2
ECA1186	0.005118236624096842	2
WN2063	0.004791743771860099	2
ECA743	0.004607607889877035	2
JU3144	0.003932401296255677	2
NIC268	0.0034328156086034026	2
XZ2019	0.003131102198518289	2
NIC501	0.002899841016838866	2
ECA1257	0.0025225430452684968	2
ECA1288	0.0024875212708986324	2
NIC1785	0.0024625599507902664	2
JU1400	0.0017122834006069497	2
JU394	0.0016735534278322145	2
QX1792	0.0012850883017102026	2
CX11315	0.0011651202221678357	2
ECA778	0.0010552857703296484	2
ECA593	7.183548895212908e-4	2
ECA712	6.317195545403591e-4	2
ECA812	4.431188362067903e-4	2
XZ1734	4.289040753009569e-4	2
JU393	4.231424877038175e-4	2
EG4349	3.8014007495069897e-4	2
JU3226	3.6620804145736817e-4	2
QG556	3.550586412296293e-4	2
JU2825	3.131111936844664e-4	2
ECA369	2.949630267942312e-4	2
ECA733	2.265975528668228e-4	2
JU2570	1.8465354984350578e-4	2
ECA744	1.7089206644371212e-4	2
JU1530	1.5929659686195414e-4	2
QG2837	1.4612659948354929e-4	2
ECA710	1.3157591809915257e-4	2
JU3169	1.1103475518015973e-4	2
MY2147	6.863871907916339e-5	2
ECA1793	4.7180275570181385e-5	2
WN2086	3.818195608746201e-5	2
JU1249	3.154470783274107e-5	2
JU2838	1.901413144328427e-5	2
JU2592	8.25427576068436e-6	2
QG2841	1.2767405268569202e-6	2
CX11292	0	2
ECA1195	0	2
ECA1251	0	2
ECA347	0	2
ED3012	0	2
JU1896	0	2
JU2016	0	2
JU2478	0	2
JU2853	0	2
JU310	0	2
QG2932	0	2
CX11264	-3.9919296603222974e-7	2
ECA741	-5.103221359380916e-7	2
ECA742	-1.1803902559790596e-6	2
JU3225	-1.4067032851190183e-6	2
NIC195	-1.962237182125061e-6	2
XZ1672	-3.2227991220809233e-6	2
NIC528	-4.0273971973063384e-6	2
NIC272	-4.447523836484208e-6	2
JU2001	-8.233284213579608e-6	2
JU2575	-8.831771558920362e-6	2
JU1491	-9.02095156336989e-6	2
EG4724	-9.89203100311119e-6	2
ECA1240	-1.0806443532028606e-5	2
JU751	-1.0987218158665564e-5	2
ECA1289	-1.1357652449569149e-5	2
NIC207	-1.2209858728106037e-5	2
XZ1515	-1.3765469588813053e-5	2
ECA730	-1.4988832096453487e-5	2
JU3128	-1.5464552156770314e-5	2
ECA191	-2.9639472221624554e-5	2
JU2513	-3.164214881816143e-5	2
CX11262	-3.433101319256539e-5	2
ECA928	-3.67393090604203e-5	2
NIC1789	-3.692277677925306e-5	2
JU2017	-3.954564822620483e-5	2
QG2838	-5.266514149663349e-5	2
ECA740	-5.351344380227866e-5	2
ECA703	-5.44049151236093e-5	2
NIC515	-5.8394751638807425e-5	2
QG2873	-6.455416379464707e-5	2
JU2811	-6.478728855643164e-5	2
ECA1238	-6.531410196140798e-5	2
JU2907	-8.269750988099047e-5	2
ECA745	-8.478879111460957e-5	2
NIC526	-8.61863627026448e-5	2
QG2855	-8.655477603230332e-5	2
NIC255	-8.867205759093293e-5	2
JU1200	-1.0182555571217888e-4	2
NIC266	-1.2000208330707171e-4	2
NIC1799	-1.275493833951904e-4	2
JU2619	-1.6387176658701365e-4	2
QX1211	-1.6547452929056215e-4	2
JU406	-1.6694687450151437e-4	2
WN2001	-1.7809228534972646e-4	2
ECA1242	-1.9138228142660937e-4	2
JU2257	-1.9278195858899558e-4	2
CX11254	-1.9745067785315192e-4	2
BRC20263	-1.994922504020272e-4	2
JU642	-2.001518979788899e-4	2
EG4946	-2.1352545539383966e-4	2
CB4852	-2.4337746669103458e-4	2
ECA722	-2.5814508571830993e-4	2
NIC1049	-2.68702313570845e-4	2
ECA706	-2.779808836513675e-4	2
ECA723	-2.9436383361193226e-4	2
WN2069	-3.3053561832703456e-4	2
ECA1493	-3.4132596451307755e-4	2
JU3141	-3.546460154905025e-4	2
NIC1119	-3.635329447086922e-4	2
NIC262	-3.79467276287784e-4	2
QG2823	-4.326279366618031e-4	2
QG2827	-4.4285076150477634e-4	2
MY10	-4.59890493824249e-4	2
NIC276	-4.7056194779054536e-4	2
JU3166	-4.725619964529998e-4	2
CB4855	-5.42302715287399e-4	2
AB1	-5.60542798165025e-4	2
JU2526	-5.786445886902812e-4	2
MY772	-6.326129462293436e-4	2
ECA1225	-6.416997253105058e-4	2
JU367	-6.45427364774687e-4	2
NIC251	-6.681643973645698e-4	2
QX1793	-7.079710155551652e-4	2
ECA1278	-7.185896962765118e-4	2
JU1792	-7.526733129263082e-4	2
NIC1794	-7.729635198154951e-4	2
JU3280	-7.939438743924181e-4	2
ECA1228	-8.53314093190976e-4	2
NIC1788	-8.571288316193432e-4	2
ECA1194	-9.008477385808952e-4	2
XZ1756	-9.897871356836611e-4	2
CB4857	-0.0010713311129684642	2
JU792	-0.0010786585403550764	2
XZ2211	-0.001081726731371981	2
JU847	-0.0011052775057571814	2
QG536	-0.0011753026320655436	2
ECA1247	-0.0012255981639386997	2
NIC529	-0.0013702549561845985	2
QX1791	-0.0013929679395490138	2
JU3224	-0.0014288043063459524	2
QG2846	-0.0015038481596131286	2
QG2854	-0.0015216845888090028	2
NIC271	-0.0015934153681854881	2
MY18	-0.0017370629335510036	2
QG2857	-0.0017619761530521286	2
ECA592	-0.0018251571784526949	2
WN2066	-0.0018371116408015412	2
TWN2530	-0.0019111916051785076	2
ED3005	-0.0022134181486015607	2
JU1586	-0.0022509845882166387	2
NIC242	-0.0023609211038219283	2
ED3011	-0.0024823201422982566	2
MY2585	-0.002574221533776865	2
XZ2018	-0.0028992051703682197	2
QG2874	-0.002955390321751523	2
EG4347	-0.003076518469236825	2
QG2875	-0.003152718536287574	2
JU3282	-0.0032294176677218327	2
WN2064	-0.0035537707501748926	2
JU2581	-0.003598906807746071	2
ECA2648	-0.0036026268248713616	2
ECA1298	-0.003906630020435535	2
JU782	-0.00401083721275608	2
JU2572	-0.00405701504934193	2
XZ2020	-0.004150802760502151	2
ECA923	-0.004218740447783075	2
GXW1	-0.004222626382183994	2
ECA1074	-0.004590743801197374	2
NIC166	-0.004702544424070025	2
ECA930	-0.004709704796510952	2
RC301	-0.0047443039746385305	2
ECA2672	-0.004958219418164791	2
JU1666	-0.004965467368922796	2
QX1233	-0.005326975991893978	2
ECA1281	-0.005465027928202804	2
QX1212	-0.005520254827909753	2
JU1652	-0.005663541428954778	2
NIC259	-0.0058131828170775585	2
JU2841	-0.005896720093231172	2
QG557	-0.006057046703399436	2
NIC236	-0.0061473734437447886	2
JU778	-0.0063877148301220614	2
ECA705	-0.006420090585446616	2
QG2828	-0.0065042584764198694	2
NIC1780	-0.006613226283894668	2
ECA1413	-0.007887165936219869	2
MY2713	-0.00858452492102128	2
ED3073	-0.008620049169390201	2
JU2586	-0.0088099334396924	2
ED3046	-0.00901901974545235	2
MY795	-0.009376606355116036	2
CB4932	-0.010083283489511017	2
NIC527	-0.010389209199862163	2
QW947	-0.011199677298499907	2
NIC511	-0.011283058034879858	2
NIC265	-0.011520833800453779	2
ED3077	-0.012193270163009272	2
JU2250	-0.01372002046567879	2
MY518	-0.014058140372606496	2
QG2850	-0.01497455767445767	2
CB4854	-0.014978795372217867	2
PX179	-0.015551992497598614	2
PB306	-0.024492944139905777	2
QG2835	-0.03074397894653838	2
ECA189	-0.03563187755135933	2
JU397	-0.053129859303616855	2
