strain	nn_pool_ibs	nn_pool	mean_pool_ibs
AB1	0.97906	N2	0.9297040196078431
BRC20067	0.98158	GXW1	0.9309945098039215
BRC20263	0.975125	JU2811	0.9249507843137255
CB4851	0.97905	N2	0.9274380392156862
CB4852	0.987495	N2	0.9338566666666667
CB4853	0.97651	N2	0.9281332352941176
CB4854	0.97506	N2	0.9247706930693069
CB4855	0.972645	N2	0.9252771568627451
CB4856	0.92597	N2	0.8945245544554455
CB4857	0.977395	XZ1515	0.9286
CB4858	0.980295	XZ1515	0.9297380392156863
CB4932	0.98021	JU2592	0.9299420588235294
CX11254	0.97084	XZ1515	0.9208066336633663
CX11262	0.97268	CX11264	0.9167853465346535
CX11264	0.97268	CX11262	0.9160951485148515
CX11271	0.97556	N2	0.9290706930693069
CX11276	0.96994	N2	0.923740396039604
CX11285	0.959895	CX11271	0.918049702970297
CX11292	0.9813	N2	0.9319954901960784
CX11307	0.959355	CX11254	0.9159334653465346
CX11314	0.98209	XZ1515	0.9239588235294117
CX11315	0.97364	CX11264	0.9216387254901961
DL200	0.96893	ED3017	0.922178910891089
DL226	0.96707	N2	0.9223224752475248
DL238	0.920295	N2	0.889820297029703
ECA1069	0.973085	N2	0.9271237254901961
ECA1074	0.97291	N2	0.928103431372549
ECA1185	0.91297	ECA363	0.8102614705882353
ECA1186	0.961405	N2	0.9205152941176471
ECA1187	0.91416	ECA363	0.8161042156862746
ECA1191	0.914755	ECA363	0.8146138235294118
ECA1192	0.91231	ECA363	0.8116305882352941
ECA1193	0.91637	ECA363	0.8233036274509804
ECA1194	0.91274	ECA363	0.8115369607843137
ECA1195	0.916385	ECA363	0.8261208823529411
ECA1196	0.91109	ECA363	0.8176513725490197
ECA1200	0.939775	XZ1513	0.901789705882353
ECA1202	0.92675	ECA191	0.8300530392156863
ECA1206	0.914925	ECA396	0.8261842156862745
ECA1208	0.92196	ECA396	0.8270222549019608
ECA1212	0.92458	ECA396	0.8315006862745098
ECA1216	0.925585	ECA396	0.8303972549019608
ECA1223	0.931075	ECA191	0.8290119607843137
ECA1225	0.93237	ECA191	0.8295745098039216
ECA1228	0.925195	ECA396	0.8288616666666667
ECA1229	0.918855	ECA191	0.8277736274509804
ECA1232	0.909925	ECA363	0.811233431372549
ECA1237	0.93967	ECA191	0.827785
ECA1238	0.91488	ECA363	0.8187355882352941
ECA1240	0.911355	ECA363	0.8133572549019608
ECA1242	0.91087	ECA363	0.8143750980392157
ECA1243	0.94736	DL238	0.90407
ECA1247	0.91735	ECA396	0.8305600980392157
ECA1251	0.917485	ECA363	0.814371568627451
ECA1252	0.908125	ECA363	0.8145160784313725
ECA1253	0.907235	ECA363	0.8179741176470589
ECA1255	0.942325	XZ1515	0.9048682352941176
ECA1257	0.94603	XZ1513	0.9023662745098039
ECA1260	0.937155	DL238	0.8985625490196079
ECA1261	0.91766	ECA191	0.8319835294117647
ECA1269	0.94206	DL238	0.8973874509803922
ECA1271	0.9494	DL238	0.9016444117647059
ECA1276	0.93888	ECA396	0.8208495098039216
ECA1278	0.93789	ECA396	0.8226715686274509
ECA1281	0.93022	ECA396	0.829361568627451
ECA1283	0.92637	ECA191	0.8281688235294118
ECA1284	0.92915	ECA396	0.8262130392156862
ECA1286	0.924145	ECA396	0.8304951960784314
ECA1287	0.89795	ECA396	0.8436628431372549
ECA1288	0.94331	DL238	0.9015269607843137
ECA1289	0.923965	ECA396	0.8301317647058823
ECA1293	0.925135	ECA191	0.8292514705882353
ECA1298	0.931235	ECA189	0.9023597058823529
ECA1316	0.978345	N2	0.9297267647058823
ECA1409	0.884265	ECA396	0.8135207843137254
ECA1413	0.95706	XZ1515	0.9050221568627451
ECA1493	0.883675	XZ1516	0.7452483333333333
ECA1693	0.892775	XZ1515	0.8633540196078432
ECA1713	0.88351	XZ1516	0.7451148039215686
ECA1717	0.887815	ECA36	0.7775332352941177
ECA1725	0.875205	XZ1514	0.7731077450980393
ECA1751	0.91576	ECA396	0.8367697058823529
ECA1757	0.940665	MY23	0.8968987254901961
ECA1761	0.941755	XZ1514	0.7766887254901961
ECA1769	0.89176	ECA396	0.792485
ECA1793	0.871685	XZ1514	0.7510981372549019
ECA1805	0.945355	QX1794	0.9065393137254902
ECA1807	0.94726	DL238	0.9034209803921569
ECA1815	0.943635	N2	0.9059815686274509
ECA1821	0.937925	QX1211	0.8024303921568627
ECA1825	0.90133	ECA36	0.8177635294117647
ECA1843	0.922745	ECA363	0.8103500980392156
ECA1851	0.82427	XZ1514	0.737193431372549
ECA1853	0.940975	XZ1515	0.903381568627451
ECA1875	0.944235	QX1794	0.9065269607843137
ECA1885	0.88524	ECA36	0.7598110784313725
ECA1887	0.942625	XZ1515	0.9058259803921569
ECA1889	0.9442	XZ1515	0.9057304901960784
ECA189	0.932145	XZ1515	0.8973986138613862
ECA1891	0.91693	ECA396	0.8331754901960784
ECA1901	0.95365	QX1794	0.9057855882352941
ECA191	0.918565	ECA396	0.8051793069306931
ECA1919	0.93339	ECA396	0.8270188235294118
ECA1925	0.808415	ECA36	0.7353977450980392
ECA1937	0.94102	DL238	0.9013980392156863
ECA1939	0.9542	DL238	0.9024645098039216
ECA1943	0.94969	DL238	0.9026259803921569
ECA1969	0.92828	ECA396	0.8275976470588235
ECA1977	0.95287	DL238	0.9022701960784314
ECA1997	0.918065	ECA396	0.8272083333333333
ECA2041	0.939465	N2	0.9071444117647058
ECA2043	0.94954	QX1211	0.7986907843137255
ECA2073	0.928285	ECA396	0.8281821568627451
ECA2081	0.924865	ECA396	0.8283868627450981
ECA2091	0.844255	N2	0.8194489215686275
ECA2109	0.837725	XZ1514	0.7340744117647059
ECA2111	0.9491	N2	0.9111535294117648
ECA2119	0.97144	N2	0.9257374509803922
ECA2151	0.83867	N2	0.8150267647058823
ECA2155	0.8746	XZ1514	0.774340294117647
ECA2159	0.87582	XZ1514	0.7742456862745098
ECA2183	0.84932	XZ1514	0.7691337254901961
ECA2187	0.86995	XZ1514	0.7552334313725491
ECA2191	0.906155	XZ1516	0.7251272549019607
ECA2195	0.928275	XZ1516	0.7171323529411765
ECA2199	0.829135	N2	0.8091907843137255
ECA2251	0.92222	ECA191	0.8337032352941176
ECA2281	0.837785	XZ1514	0.7333226470588236
ECA2291	0.92227	ECA36	0.7898793137254901
ECA2332	0.94072	ECA372	0.8987861764705882
ECA2334	0.801735	XZ1514	0.7506833333333334
ECA2336	0.869355	ECA36	0.7597185294117647
ECA2344	0.946015	QX1794	0.9063464705882353
ECA2350	0.941625	QX1793	0.906144705882353
ECA2360	0.939805	ECA363	0.8037182352941177
ECA2367	0.918755	ECA363	0.8133605882352941
ECA2377	0.94501	DL238	0.9016543137254902
ECA2417	0.926235	ECA396	0.8278574509803922
ECA2437	0.93503	N2	0.9025605882352942
ECA2443	0.923515	ECA396	0.8309953921568627
ECA2452	0.940105	DL238	0.9009182352941176
ECA2467	0.95381	DL238	0.8999668627450981
ECA2473	0.923705	ECA396	0.8294004901960784
ECA2475	0.937005	ECA396	0.8252635294117647
ECA2481	0.94553	DL238	0.9011940196078432
ECA2482	0.924365	ECA396	0.8296070588235294
ECA2489	0.92223	ECA396	0.8303013725490196
ECA2522	0.95677	N2	0.9157522549019608
ECA2523	0.9966	MY23	0.89841
ECA2527	0.952295	N2	0.9126209803921569
ECA2529	0.970155	N2	0.9243414705882352
ECA2533	0.95185	N2	0.9108246078431372
ECA2536	0.96984	N2	0.9242679411764706
ECA2546	0.97103	N2	0.926985
ECA2549	0.974585	N2	0.9270293137254902
ECA2551	0.964405	N2	0.9226676470588235
ECA2554	0.9808	N2	0.931551568627451
ECA2555	0.966895	N2	0.9250848039215687
ECA2559	0.978055	N2	0.929403431372549
ECA2560	0.981085	N2	0.9303654901960784
ECA2561	0.926495	N2	0.8913061764705882
ECA2565	0.991205	N2	0.9356933333333334
ECA2568	0.982715	N2	0.9320021568627451
ECA2581	0.902135	ECA36	0.8435573529411765
ECA2583	0.9669	N2	0.9241900980392157
ECA2584	0.961115	N2	0.920191862745098
ECA2594	0.975385	N2	0.9260913725490196
ECA2595	0.916125	N2	0.8823810784313726
ECA2601	0.92181	N2	0.8875714705882353
ECA2602	0.97699	N2	0.9276932352941176
ECA2603	0.982595	N2	0.9313694117647059
ECA2607	0.98047	N2	0.9290888235294118
ECA2609	0.9661	N2	0.9238112745098039
ECA2612	0.934775	JU561	0.9006635294117648
ECA2615	0.98317	N2	0.9322687254901961
ECA2641	0.97055	N2	0.9241337254901961
ECA2648	0.975435	N2	0.9275428431372549
ECA2656	0.977585	N2	0.9290699019607843
ECA2659	0.936595	N2	0.9008737254901961
ECA2660	0.92188	N2	0.8888763725490196
ECA2672	0.96331	N2	0.922098137254902
ECA2676	0.962045	N2	0.9213776470588235
ECA347	0.907005	ECA363	0.8096113725490196
ECA348	0.984675	PS2025	0.9100754455445544
ECA349	0.968835	XZ1515	0.921998137254902
ECA36	0.94786	QX1211	0.7848270297029702
ECA363	0.91425	QX1211	0.7911749504950495
ECA369	0.847465	N2	0.818000198019802
ECA372	0.943885	XZ1515	0.9035515841584159
ECA396	0.918565	ECA191	0.8003408910891089
ECA592	0.949055	N2	0.9111752941176471
ECA593	0.935805	N2	0.9035001960784314
ECA594	0.95793	MY23	0.9076506862745098
ECA640	0.96389	XZ1515	0.9181976470588236
ECA701	0.838295	N2	0.81517
ECA703	0.936495	CB4856	0.895011568627451
ECA705	0.95049	QX1794	0.9020186274509804
ECA706	0.93346	N2	0.9019318627450981
ECA710	0.94504	XZ1513	0.902306568627451
ECA712	0.93709	N2	0.9047514705882352
ECA722	0.940555	ECA191	0.8189538235294118
ECA723	0.939595	ECA191	0.8274158823529412
ECA724	0.89682	ECA363	0.8201713725490196
ECA730	0.94972	ECA191	0.8233761764705883
ECA732	0.946495	DL238	0.9006455882352942
ECA733	0.94576	DL238	0.9029958823529411
ECA738	0.945345	XZ1515	0.9030182352941176
ECA740	0.932705	QX1211	0.795921862745098
ECA741	0.930595	ECA363	0.8018746078431372
ECA742	0.93377	ECA36	0.7897822549019607
ECA743	0.935355	QX1794	0.9013994117647058
ECA744	0.922855	ECA396	0.8318436274509804
ECA745	0.926505	ECA191	0.8276521568627451
ECA746	0.92047	ECA191	0.8309386274509803
ECA760	0.94367	XZ1515	0.90609245098039215
ECA768	0.93335	N2	0.9018743137254902
ECA777	0.94402	XZ1515	0.9067344117647059
ECA778	0.94229	XZ1515	0.9056308823529412
ECA807	0.932025	N2	0.8994435294117648
ECA812	0.938905	XZ1515	0.9057119607843137
ECA923	0.95591	N2	0.9180239215686274
ECA928	0.96742	QX1212	0.9117516666666666
ECA930	0.972505	MY18	0.926095294117647
ED3005	0.977705	MY18	0.9254135294117647
ED3011	0.97333	N2	0.9273753921568627
ED3012	0.98787	N2	0.9336392156862745
ED3017	0.97689	N2	0.9288407920792079
ED3040	0.97539	LKC34	0.9284099019607843
ED3046	0.99851	ED3049	0.9212600980392157
ED3048	0.980755	N2	0.9316586274509804
ED3049	0.96344	N2	0.9205844554455446
ED3052	0.97355	N2	0.9263233663366337
ED3073	0.9765	N2	0.9289203921568627
ED3077	0.96936	N2	0.9248821782178218
EG4347	0.99097	N2	0.9359289215686275
EG4349	0.95655	ED3017	0.920421568627451
EG4724	0.954955	NIC252	0.9188932673267327
EG4725	0.95162	NIC266	0.9073791089108911
EG4946	0.98329	N2	0.93291
GXW1	0.972745	N2	0.9243341584158415
JR4305	0.95616	XZ1515	0.9107455882352942
JT11398	0.97966	N2	0.9290390196078432
JU1088	0.97413	N2	0.9257021568627452
JU1172	0.975715	N2	0.928773137254902
JU1200	0.996335	N2	0.9384117647058824
JU1212	0.9633	JU2106	0.9176348514851486
JU1213	0.963465	ED3017	0.920329705882353
JU1242	0.96763	DL200	0.9231112745098039
JU1246	0.96364	JU1793	0.9187749019607843
JU1249	0.990955	N2	0.9349206862745099
JU1395	0.98615	N2	0.9335142156862746
JU1400	0.955285	N2	0.9175114851485149
JU1409	0.978375	N2	0.9301735294117647
JU1440	0.98042	N2	0.931173431372549
JU1491	0.96919	JU3137	0.9242608823529411
JU1530	0.98112	NIC3	0.9295796078431372
JU1543	0.988935	N2	0.934305
JU1568	0.991305	N2	0.935618137254902
JU1581	0.962485	N2	0.9192207920792079
JU1586	0.990035	N2	0.9346162745098039
JU1652	0.96773	JU1896	0.9206557425742574
JU1666	0.96654	DL200	0.9189800980392157
JU1792	0.97968	JU2592	0.9300014705882353
JU1793	0.9724	JU2106	0.9070505940594059
JU1808	0.975615	N2	0.9275060784313726
JU1896	0.96913	JU2234	0.9186010891089109
JU1934	0.969035	N2	0.9249756862745098
JU2001	0.95124	JU3137	0.9146255445544554
JU2007	0.9705	N2	0.9259065346534654
JU2016	0.98043	N2	0.9317571568627451
JU2017	0.960885	N2	0.9178821782178218
JU2106	0.9724	JU1793	0.9109991089108911
JU2131	0.96373	DL200	0.9173229411764706
JU2141	0.970605	N2	0.9256510784313725
JU2234	0.96913	JU1896	0.9198674257425743
JU2250	0.965995	DL200	0.9223893137254902
JU2257	0.98721	N2	0.9331871568627451
JU2316	0.96826	JU2526	0.8891822772277228
JU2464	0.970645	N2	0.9242922772277228
JU2466	0.981725	N2	0.9308403921568628
JU2478	0.97684	N2	0.9288023529411765
JU2513	0.973925	N2	0.9266673529411765
JU2519	0.966605	NIC258	0.9060757425742574
JU2522	0.96372	EG4724	0.9239756862745098
JU2526	0.96826	JU2316	0.8833148514851485
JU2534	0.98098	N2	0.9308800980392157
JU2565	0.98921	N2	0.93368
JU2566	0.98428	N2	0.9312527450980392
JU2570	0.96894	DL200	0.9236470588235294
JU2572	0.98009	N2	0.9302273529411764
JU2575	0.985405	N2	0.9328842156862746
JU2576	0.9631	N2	0.9180015841584158
JU2578	0.974585	N2	0.9281116666666667
JU258	0.94405	EG4724	0.9059267326732673
JU2581	0.983185	JU2829	0.9201999019607843
JU2586	0.96568	EG4724	0.923713725490196
JU2587	0.963665	N2	0.9225061764705882
JU2592	0.974165	N2	0.9275587128712871
JU2593	0.96202	JU2829	0.9189437623762376
JU2600	0.96658	JU1581	0.9210651960784314
JU2610	0.96661	JU1581	0.9207772549019608
JU2619	0.967845	N2	0.9252245544554455
JU2800	0.972015	JU1896	0.918751862745098
JU2811	0.95397	N2	0.917319207920792
JU2825	0.973765	N2	0.9248993137254902
JU2829	0.96202	JU2593	0.9175144554455446
JU2838	0.95646	N2	0.9182907920792079
JU2841	0.9618	N2	0.9169836633663366
JU2853	0.985	N2	0.9336810784313726
JU2862	0.97454	N2	0.9277249019607843
JU2866	0.96742	N2	0.9231337254901961
JU2878	0.96492	N2	0.9217709900990099
JU2879	0.95101	MY23	0.9098543564356436
JU2906	0.98086	N2	0.930371274509804
JU2907	0.990805	N2	0.9362041176470588
JU310	0.98043	NIC3	0.9298090196078431
JU311	0.98576	MY2453	0.9289024509803921
JU3125	0.97338	N2	0.9296715686274509
JU3127	0.970495	N2	0.9277530392156863
JU3128	0.978665	N2	0.9298550980392157
JU3132	0.967355	N2	0.9256973529411765
JU3134	0.97197	N2	0.9235957843137255
JU3135	0.97256	N2	0.9239064705882353
JU3137	0.9657	N2	0.9209090099009901
JU3140	0.97103	DL200	0.9215061764705882
JU3141	0.981605	JU2592	0.9292482352941176
JU3144	0.96024	N2	0.9210777450980392
JU3166	0.948205	N2	0.9125095098039215
JU3167	0.93561	GXW1	0.9059549019607843
JU3169	0.95284	NIC252	0.9166688235294118
JU3224	0.96311	JU774	0.9186087254901961
JU3225	0.97581	N2	0.9269311764705882
JU3226	0.989765	ECA36	0.7920157843137255
JU3228	0.957125	JU774	0.9136279411764706
JU323	0.975335	N2	0.927710294117647
JU3280	0.965485	N2	0.9210232352941177
JU3282	0.97417	N2	0.9259248039215686
JU3291	0.968885	JU1581	0.920953431372549
JU3318	0.962705	N2	0.9171743137254902
JU346	0.973225	N2	0.9273409803921568
JU360	0.966905	N2	0.9251659803921569
JU367	0.990555	N2	0.9352198039215687
JU3795	0.969185	N2	0.9244021568627451
JU393	0.964765	N2	0.9233705882352942
JU394	0.980085	N2	0.9283461764705883
JU397	0.9694	JU2592	0.9254028431372548
JU4047	0.959805	XZ1515	0.9174046078431373
JU406	0.983945	N2	0.9314585294117647
JU4073	0.98119	GXW1	0.9284313725490196
JU4082	0.996645	MY23	0.8982649019607843
JU4098	0.972945	N2	0.9281446078431372
JU440	0.98374	N2	0.9312081372549019
JU561	0.97712	N2	0.9274879207920792
JU642	0.974565	N2	0.9284978431372549
JU751	0.971015	JU2593	0.9232866666666667
JU774	0.966045	N2	0.9237053465346534
JU775	0.9609	NIC258	0.8949135643564357
JU778	0.960735	LKC34	0.9209458823529412
JU782	0.98112	NIC271	0.9106202970297029
JU792	0.96649	DL200	0.922511274509804
JU830	0.97083	N2	0.9259324509803921
JU847	0.96663	N2	0.9225023529411764
KR314	0.970165	N2	0.9243956435643564
LKC34	0.97382	N2	0.9286389108910891
MY1	0.96696	N2	0.9230858823529412
MY10	0.95011	N2	0.9112737623762376
MY16	0.968025	MY23	0.9074655445544555
MY18	0.97032	MY2741	0.9194662376237623
MY2147	0.97029	N2	0.9234629702970297
MY2212	0.97339	N2	0.9261121568627451
MY23	0.968025	MY16	0.8977006930693069
MY2453	0.96791	N2	0.9216087128712871
MY2530	0.98891	N2	0.9355345098039216
MY2535	0.98224	N2	0.9324758823529412
MY2573	0.977045	NIC3	0.9283869607843137
MY2585	0.96866	N2	0.9232848039215686
MY2693	0.97541	MY2741	0.9255870588235294
MY2713	0.971185	N2	0.9229167647058824
MY2741	0.97032	MY18	0.9176702970297029
MY518	0.973525	N2	0.9273422549019608
MY679	0.97568	N2	0.9284372549019608
MY772	0.973025	MY2147	0.9250171568627451
MY795	0.984645	MY18	0.9236505882352941
MY920	0.98136	ED3017	0.9298326470588235
N2	0.978225	XZ1515	0.939309900990099
NIC1	0.977885	N2	0.9297540196078431
NIC1049	0.978825	N2	0.9290044117647058
NIC1107	0.982845	N2	0.9310679411764706
NIC1119	0.96437	JU2464	0.9227082352941176
NIC166	0.971175	N2	0.925021274509804
NIC1779	0.97261	N2	0.9279306862745098
NIC1780	0.94007	N2	0.9067968627450981
NIC1782	0.939675	NIC527	0.9095359803921569
NIC1783	0.94636	N2	0.9136295098039215
NIC1785	0.94411	N2	0.9104704901960784
NIC1786	0.93831	N2	0.9087135294117648
NIC1787	0.96111	NIC268	0.9055708823529411
NIC1788	0.93573	JU258	0.9071858823529412
NIC1789	0.932365	JU258	0.895461274509804
NIC1790	0.932575	NIC528	0.9020156862745098
NIC1791	0.940035	NIC527	0.9097912745098039
NIC1792	0.93699	NIC527	0.9069153921568628
NIC1794	0.941095	NIC527	0.9096057843137255
NIC1796	0.934945	N2	0.9049719607843137
NIC1798	0.929595	N2	0.9007849019607843
NIC1799	0.9397	N2	0.9099244117647058
NIC1801	0.93318	N2	0.9027591176470589
NIC1802	0.931215	EG4724	0.9043153921568627
NIC1805	0.950355	LKC34	0.9131711764705882
NIC1806	0.948645	NIC268	0.9064639215686274
NIC1808	0.95669	N2	0.9186166666666666
NIC1809	0.959765	N2	0.9189290196078431
NIC1810	0.943665	N2	0.9111199019607843
NIC1811	0.950345	LKC34	0.9140173529411765
NIC1812	0.95138	N2	0.9142004901960784
NIC1832	0.962685	JU2593	0.9217575490196078
NIC195	0.932635	JU561	0.9009094059405941
NIC199	0.93202	JU2007	0.9036269306930693
NIC2	0.994075	N2	0.9369128431372549
NIC207	0.982875	N2	0.9317359803921569
NIC231	0.97714	N2	0.9293106862745099
NIC236	0.971255	LKC34	0.9266591176470588
NIC242	0.977655	N2	0.9298005882352941
NIC251	0.913195	JU2316	0.8748223762376237
NIC252	0.954955	EG4724	0.9131745544554456
NIC255	0.984795	N2	0.9334471568627452
NIC256	0.99471	NIC271	0.9132356435643564
NIC258	0.966605	JU2519	0.8953975247524752
NIC259	0.969465	N2	0.9259818627450981
NIC260	0.9596	NIC256	0.9111649504950495
NIC261	0.969815	NIC271	0.9052148514851485
NIC262	0.981035	NIC271	0.9069432673267327
NIC265	0.96296	JU2316	0.8912457425742574
NIC266	0.95162	EG4725	0.9152939603960396
NIC267	0.972135	N2	0.9263728431372549
NIC268	0.946545	N2	0.9091451485148515
NIC269	0.958235	CX11271	0.9207869607843138
NIC271	0.99471	NIC256	0.9122446534653466
NIC272	0.96597	LKC34	0.9222512745098039
NIC274	0.96641	ED3052	0.9215133333333333
NIC275	0.969245	ED3052	0.9227771568627451
NIC276	0.9747	N2	0.9281246078431372
NIC277	0.977375	N2	0.9302941176470588
NIC3	0.97156	N2	0.924909405940594
NIC501	0.962095	JU1793	0.9157171287128713
NIC511	0.97262	N2	0.926479705882353
NIC513	0.97067	LKC34	0.9239485294117648
NIC514	0.970215	LKC34	0.9267366666666667
NIC515	0.961335	ED3017	0.9259010784313726
NIC522	0.976265	N2	0.9289857843137255
NIC523	0.95793	N2	0.9157184158415842
NIC526	0.96701	NIC527	0.9217032673267327
NIC527	0.96701	NIC526	0.9221679207920792
NIC528	0.967595	N2	0.9231780198019802
NIC529	0.97829	N2	0.9303021568627451
PB303	0.9787	N2	0.9277031372549019
PB306	0.968465	XZ1515	0.9185597058823529
PS2025	0.984675	ECA348	0.911160099009901
PX179	0.98793	N2	0.9347079411764706
QG2075	0.953035	JU2007	0.9165188118811881
QG2811	0.975615	N2	0.9255372549019608
QG2813	0.974865	N2	0.9268767647058823
QG2818	0.9828	N2	0.9312849019607843
QG2823	0.977595	N2	0.9304539215686275
QG2824	0.97691	CX11271	0.9298664705882353
QG2825	0.97929	N2	0.93139
QG2827	0.958255	JU561	0.9182781372549019
QG2828	0.96411	N2	0.9249479411764706
QG2832	0.968985	JU774	0.920495
QG2835	0.9728	JU774	0.9220272549019608
QG2836	0.96879	LKC34	0.9241783333333333
QG2837	0.965325	JU774	0.920403137254902
QG2838	0.962295	N2	0.9221020588235294
QG2841	0.96825	N2	0.9230503921568628
QG2843	0.98216	N2	0.9300822549019608
QG2846	0.952605	N2	0.9170590196078431
QG2850	0.97295	ED3077	0.9244043137254901
QG2854	0.96176	ED3077	0.9205666666666666
QG2855	0.960145	ED3077	0.9191450980392157
QG2857	0.961745	ED3077	0.920646862745098
QG2873	0.960045	ED3077	0.9197002941176471
QG2874	0.960475	ED3077	0.9197445098039215
QG2875	0.963005	N2	0.9196351960784314
QG2877	0.95834	N2	0.9204627450980392
QG2932	0.971125	N2	0.9250724509803921
QG4003	0.9783	N2	0.9283496078431372
QG4004	0.976475	N2	0.9275394117647059
QG4006	0.98485	N2	0.9319436274509804
QG4008	0.977695	N2	0.9278415686274509
QG4010	0.972305	N2	0.9282186274509804
QG4012	0.954155	JU774	0.9179039215686274
QG4015	0.965475	N2	0.9221849019607843
QG4017	0.97596	N2	0.9284472549019608
QG4018	0.975115	N2	0.9294312745098039
QG4021	0.96904	N2	0.9229317647058823
QG4080	0.954665	N2	0.9148880392156863
QG4103	0.956065	N2	0.914021568627451
QG4135	0.949065	N2	0.915636862745098
QG4138	0.97068	LKC34	0.9273663725490197
QG4151	0.97069	N2	0.924918725490196
QG4193	0.973175	LKC34	0.9259469607843137
QG4226	0.96232	N2	0.9177310784313726
QG4228	0.95489	N2	0.9182317647058823
QG536	0.971705	N2	0.9265659803921569
QG556	0.959255	ECA348	0.9125907920792079
QG557	0.96999	XZ1515	0.9234564705882353
QW947	0.95863	N2	0.9178380198019802
QX1211	0.94786	ECA36	0.7868755445544554
QX1212	0.96502	XZ1515	0.917919306930693
QX1233	0.968475	N2	0.9233080392156863
QX1791	0.91775	N2	0.8834322772277228
QX1792	0.9466	N2	0.9091342574257426
QX1793	0.93898	XZ1515	0.9038626732673267
QX1794	0.940215	XZ1515	0.901309603960396
RC301	0.977015	N2	0.9266268627450981
TWN2530	0.970785	N2	0.9262319607843137
TWN2542	0.97545	MY18	0.925581568627451
WN2001	0.94689	N2	0.9118338613861386
WN2002	0.967385	N2	0.9213341176470589
WN2033	0.970465	N2	0.9254974509803922
WN2050	0.974115	JU2106	0.9184545098039215
WN2063	0.97186	N2	0.9272193137254902
WN2064	0.983415	N2	0.9316530392156863
WN2066	0.976845	N2	0.9281685294117648
WN2068	0.980605	N2	0.9322096078431372
WN2069	0.98802	N2	0.9340115686274509
WN2082	0.972105	N2	0.9257810784313726
WN2086	0.97891	N2	0.9281046078431373
XZ1513	0.94174	ECA372	0.895890297029703
XZ1514	0.858545	ECA363	0.7693011881188119
XZ1515	0.978225	N2	0.9311745544554455
XZ1516	0.702605	N2	0.6812267326732673
XZ1672	0.979085	N2	0.9306498039215686
XZ1734	0.96229	JU2619	0.9229402941176471
XZ1735	0.96162	N2	0.9204966666666666
XZ1756	0.969515	N2	0.9241169607843137
XZ2018	0.984415	N2	0.9319916666666667
XZ2019	0.93734	N2	0.9043033333333333
XZ2020	0.96675	N2	0.9245793137254902
XZ2211	0.95388	XZ1515	0.9113417647058824
