locus	role	track	value	scale	rel
I:1.9	mig-6-specific	pooled GWAS · mig-6	1.9360728482349918	gwas	0.28434446559109916
I:1.9	mig-6-specific	pooled GWAS · pos-1	1.922597570585378	gwas	0.28236539717667236
I:1.9	mig-6-specific	N2 × XZ1516 · HT115 vs mig-6	728.154219694012	lod	203.86987079500219
I:1.9	mig-6-specific	N2 × XZ1516 · HT115 vs pos-1	0.00508726343387804	lod	0.001424340765889795
I:1.9	mig-6-specific	N2 × XZ1516 · pos-1 vs mig-6	751.118651618331	lod	210.2994919420978
I:1.9	mig-6-specific	JU1793 × JU2466 · HT115 vs mig-6	5.07861736469578	lod	1.4219200245696215
I:1.9	mig-6-specific	JU1793 × JU2466 · HT115 vs pos-1	5.03829622593802	lod	1.410630842791198
I:1.9	mig-6-specific	JU1793 × JU2466 · mig-6 vs pos-1	0	lod	0
III:12.4	pooled pos-1 QTL	pooled GWAS · mig-6	1.8954435846422804	gwas	0.2783773831777688
III:12.4	pooled pos-1 QTL	pooled GWAS · pos-1	7.043232378038574	gwas	1.0344156979387717
III:12.4	pooled pos-1 QTL	N2 × XZ1516 · HT115 vs mig-6	322.999762163956	lod	90.43402894355796
III:12.4	pooled pos-1 QTL	N2 × XZ1516 · HT115 vs pos-1	330.547844515239	lod	92.54735402234793
III:12.4	pooled pos-1 QTL	N2 × XZ1516 · pos-1 vs mig-6	0	lod	0
III:12.4	pooled pos-1 QTL	JU1793 × JU2466 · HT115 vs mig-6	97.0170782013867	lod	27.16300841617986
III:12.4	pooled pos-1 QTL	JU1793 × JU2466 · HT115 vs pos-1	35.4969130325314	lod	9.938486762604581
III:12.4	pooled pos-1 QTL	JU1793 × JU2466 · mig-6 vs pos-1	9.05890199899624	lod	2.5363269622416467
III:13.7 (sid-2)	shared uptake	pooled GWAS · mig-6	0.7177142160731302	gwas	0.10540825744366764
III:13.7 (sid-2)	shared uptake	pooled GWAS · pos-1	1.6002103667762653	gwas	0.2350174798376733
III:13.7 (sid-2)	shared uptake	N2 × XZ1516 · HT115 vs mig-6	814.792869312072	lod	228.12710892638287
III:13.7 (sid-2)	shared uptake	N2 × XZ1516 · HT115 vs pos-1	589.316464425668	lod	164.9978372855077
III:13.7 (sid-2)	shared uptake	N2 × XZ1516 · pos-1 vs mig-6	47.7606333469822	lod	13.372104268829807
III:13.7 (sid-2)	shared uptake	JU1793 × JU2466 · HT115 vs mig-6	315.282258443074	lod	88.2732689783169
III:13.7 (sid-2)	shared uptake	JU1793 × JU2466 · HT115 vs pos-1	125.934769300314	lod	35.25943330609604
III:13.7 (sid-2)	shared uptake	JU1793 × JU2466 · mig-6 vs pos-1	17.3699302983951	lod	4.863262959789072
IV:9.0	shared uptake	pooled GWAS · mig-6	1.1633283345774488	gwas	0.170854094619408
IV:9.0	shared uptake	pooled GWAS · pos-1	1.0982841208242102	gwas	0.1613012711208921
IV:9.0	shared uptake	N2 × XZ1516 · HT115 vs mig-6	155.837995286978	lod	43.6317899489193
IV:9.0	shared uptake	N2 × XZ1516 · HT115 vs pos-1	23.3345494388069	lod	6.533247285373486
IV:9.0	shared uptake	N2 × XZ1516 · pos-1 vs mig-6	58.1692735956476	lod	16.28633326765205
IV:9.0	shared uptake	JU1793 × JU2466 · HT115 vs mig-6	72.8403762222215	lod	20.393973814124095
IV:9.0	shared uptake	JU1793 × JU2466 · HT115 vs pos-1	37.5703919490718	lod	10.519022955869914
IV:9.0	shared uptake	JU1793 × JU2466 · mig-6 vs pos-1	3.01070209653083	lod	0.84294155114546
V:13.8	mig-6-specific	pooled GWAS · mig-6	5.299043738789531	gwas	0.7782526165911533
V:13.8	mig-6-specific	pooled GWAS · pos-1	3.5167936800246458	gwas	0.516499583397592
V:13.8	mig-6-specific	N2 × XZ1516 · HT115 vs mig-6	611.087551037142	lod	171.0933435594577
V:13.8	mig-6-specific	N2 × XZ1516 · HT115 vs pos-1	3.62229481666992	lod	1.0141763328189302
V:13.8	mig-6-specific	N2 × XZ1516 · pos-1 vs mig-6	730.261431098777	lod	204.45985146833775
V:13.8	mig-6-specific	JU1793 × JU2466 · HT115 vs mig-6	0.634062969796846	lod	0.17752604081962087
V:13.8	mig-6-specific	JU1793 × JU2466 · HT115 vs pos-1	4.82168946051786	lod	1.3499849080631285
V:13.8	mig-6-specific	JU1793 × JU2466 · mig-6 vs pos-1	1.50518715293246	lod	0.42142488787552285
V:14.6	pooled mig-6 QTL	pooled GWAS · mig-6	7.710450733263291	gwas	1.132407799228711
V:14.6	pooled mig-6 QTL	pooled GWAS · pos-1	2.374199807755136	gwas	0.34869068907095435
V:14.6	pooled mig-6 QTL	N2 × XZ1516 · HT115 vs mig-6	489.801624548457	lod	137.13550125938696
V:14.6	pooled mig-6 QTL	N2 × XZ1516 · HT115 vs pos-1	0.0347586661710155	lod	0.009731791136593776
V:14.6	pooled mig-6 QTL	N2 × XZ1516 · pos-1 vs mig-6	511.736192848919	lod	143.27677941779478
V:14.6	pooled mig-6 QTL	JU1793 × JU2466 · HT115 vs mig-6	2.29162357438975	lod	0.6416127097607773
V:14.6	pooled mig-6 QTL	JU1793 × JU2466 · HT115 vs pos-1	5.4323548302878	lod	1.5209600485852783
V:14.6	pooled mig-6 QTL	JU1793 × JU2466 · mig-6 vs pos-1	0.43838275981629	lod	0.12273915907547747
X:6.9	mig-6-specific	pooled GWAS · mig-6	2.7287428778356646	gwas	0.4007612296412539
X:6.9	mig-6-specific	pooled GWAS · pos-1	2.7902378832295973	gwas	0.4097927929221502
X:6.9	mig-6-specific	N2 × XZ1516 · HT115 vs mig-6	29.4639203524821	lod	8.24935909579562
X:6.9	mig-6-specific	N2 × XZ1516 · HT115 vs pos-1	11.9309456716041	lod	3.3404466893761255
X:6.9	mig-6-specific	N2 × XZ1516 · pos-1 vs mig-6	3.67875683243524	lod	1.0299846651029048
X:6.9	mig-6-specific	JU1793 × JU2466 · HT115 vs mig-6	767.037420060736	lod	214.75645610956835
X:6.9	mig-6-specific	JU1793 × JU2466 · HT115 vs pos-1	9.35278886743547	lod	2.618609913128385
X:6.9	mig-6-specific	JU1793 × JU2466 · mig-6 vs pos-1	339.942533686083	lod	95.17769525448969
X:9.7	shared uptake	pooled GWAS · mig-6	0.9737209313660516	gwas	0.14300709713302162
X:9.7	shared uptake	pooled GWAS · pos-1	1.7556286066971067	gwas	0.2578432306422923
X:9.7	shared uptake	N2 × XZ1516 · HT115 vs mig-6	154.338221955162	lod	43.21188083199128
X:9.7	shared uptake	N2 × XZ1516 · HT115 vs pos-1	157.751049514495	lod	44.16741016183465
X:9.7	shared uptake	N2 × XZ1516 · pos-1 vs mig-6	0	lod	0
X:9.7	shared uptake	JU1793 × JU2466 · HT115 vs mig-6	469.747471923524	lod	131.52070511597324
X:9.7	shared uptake	JU1793 × JU2466 · HT115 vs pos-1	6.41397090798373	lod	1.7957946063171033
X:9.7	shared uptake	JU1793 × JU2466 · mig-6 vs pos-1	247.581311974886	lod	69.31824154612148
